match,score,home_xg_raw,away_xg_raw,home_xg_sos,away_xg_sos,totals_pick,totals_pnl,spreads_pick,spreads_pnl
Mexico vs Ghana,2-0,1.38,0.44,1.23,0.62,,0.0,home -1.0 (@2.165),1.165
Mexico vs Portugal,0-0,1.47,2.83,1.27,2.63,Over 3.5 (@2.423),-1.0,away -1.5 (@2.258),1.258
Mexico vs Iceland,4-0,1.12,0.71,0.95,0.85,,0.0,away 0.5 (@2.01),-1.0
South Africa vs Nicaragua,0-0,1.04,0.27,1.15,0.27,,0.0,home -0.5 (@1.85),-1.0
South Africa vs Panama,1-2,1.3,1.07,1.39,0.67,Over 1.5 (@2.299),1.299,away 0.5 (@1.85),0.8500000000000001
South Africa vs Cameroon,1-2,1.05,0.33,1.04,0.24,,0.0,away 1.0 (@1.842),0.8420000000000001
Zimbabwe vs South Africa,2-3,0.41,1.13,0.41,1.24,,0.0,home 1.0 (@1.842),-1.0
South Korea vs Trinidad & Tobago,5-0,1.22,1.21,1.07,1.21,Over 1.5 (@2.203),1.2029999999999998,home 0.0 (@2.09),1.0899999999999999
South Korea vs Ghana,1-0,1.5,0.4,1.35,0.6,,0.0,away 1.0 (@2.211),-1.0
South Korea vs Bolivia,2-0,1.46,0.4,1.31,0.59,,0.0,home -1.0 (@2.039),1.0390000000000001
Czech Republic vs Kosovo,2-1,1.44,1.03,1.6,1.03,Over 1.5 (@2.143),1.1429999999999998,away 0.5 (@2.01),-1.0
Czech Republic vs Đan Mạch,3-2,1.27,1.5,1.43,2.01,Over 2.0 (@2.48),1.48,home 0.5 (@1.85),0.8500000000000001
Czech Republic vs Ireland,3-2,1.24,1.39,1.29,1.15,Over 1.5 (@1.933),0.933,away 0 (@1.953),-1.0
Czech Republic vs Gibraltar,6-0,0.83,0.05,0.99,0.08,,0.0,home -0.5 (@1.842),0.8420000000000001
Quần đảo Faroe vs Czech Republic,2-1,0.75,1.2,1.12,1.36,,0.0,home 0.5 (@2.049),1.049
Czech Republic vs Croatia,0-0,1.35,2.23,1.47,1.35,Over 2.75 (@2.368),-1.0,home 1.0 (@1.981),0.9810000000000001
Canada vs Uzbekistan,2-0,1.1,0.43,1.04,0.64,,0.0,away 0.5 (@2.295),-1.0
Canada vs Iceland,2-2,0.93,0.73,0.84,0.89,,0.0,away 0.5 (@1.826),0.8260000000000001
Canada vs Guatemala,1-0,1.07,0.79,1.02,1.12,,0.0,home 0.0 (@1.842),0.8420000000000001
Canada vs Venezuela,2-0,1.13,0.4,1.06,0.6,,0.0,away 1.0 (@1.85),-1.0
Wales vs Bosnia-Herzegovina,1-2,1.33,1.27,1.25,1.75,Over 1.5 (@1.969),0.9690000000000001,away 0 (@2.165),1.165
Bosnia-Herzegovina vs Romania,3-1,1.17,0.56,1.62,0.49,,0.0,away 0.5 (@2.222),-1.0
Đảo Síp vs Bosnia-Herzegovina,2-2,0.8,1.22,1.21,1.77,,0.0,home 0.5 (@2.019),1.0190000000000001
South Africa vs Nicaragua,0-0,1.04,0.27,1.15,0.27,,0.0,home -0.5 (@1.85),-1.0
South Africa vs Panama,1-2,1.3,1.07,1.39,0.67,Over 1.5 (@2.299),1.299,away 0.5 (@1.85),0.8500000000000001
Switzerland vs Jordan,4-1,1.42,0.84,1.38,0.74,Over 1.5 (@2.5),1.5,away 0.5 (@2.188),-1.0
Kosovo vs Switzerland,1-1,0.88,1.8,0.88,2.01,Over 1.5 (@1.875),0.875,away -1.0 (@2.188),1.1880000000000002
Slovenia vs Switzerland,0-0,1.61,1.84,1.44,2.01,Over 2.5 (@2.172),-1.0,away -0.5 (@2.428),1.428
Ireland vs Qatar,1-0,1.23,0.8,1.08,1.02,,0.0,away 0.5 (@2.029),-1.0
Qatar vs Tunisia,0-3,0.78,0.71,0.98,0.69,,0.0,home 0.0 (@2.029),-1.0
Qatar vs Palestine,0-1,0.78,0.4,1.03,0.4,,0.0,away 0.5 (@1.981),0.9810000000000001
Qatar vs Zimbabwe,1-2,0.77,0.81,1.01,0.81,,0.0,away 0 (@2.059),1.0590000000000002
Scotland vs Đan Mạch,4-2,1.65,1.08,0.98,1.08,Over 1.5 (@1.821),0.821,away 0.5 (@2.176),-1.0
Hy Lạp vs Scotland,3-2,0.66,1.57,0.98,0.94,,0.0,away -1.0 (@2.199),-1.0
Brazil vs Panama,6-2,2.07,1.11,1.86,0.65,Over 2.25 (@2.203),1.2029999999999998,home -1.0 (@2.143),1.1429999999999998
Brazil vs Croatia,3-1,2.24,2.21,1.92,1.28,Over 3.5 (@2.172),1.1720000000000002,home 0.0 (@2.069),1.069
Brazil vs Tunisia,1-1,2.18,0.9,1.93,0.76,Over 2.25 (@2.368),-1.0,home -1.5 (@2.36),-1.0
Brazil vs Senegal,2-0,2.31,1.26,1.99,0.98,Over 2.75 (@2.386),-1.0,away 1.0 (@2.154),-1.0
South Korea vs Brazil,0-5,1.62,2.14,1.47,1.85,Over 3.0 (@2.5),1.5,away -0.5 (@2.079),1.0790000000000002
Haiti vs Nicaragua,2-0,0.83,0.19,1.01,0.19,,0.0,home -0.5 (@1.963),0.9630000000000001
Haiti vs Costa Rica,1-0,0.87,0.66,0.99,0.5,,0.0,away 0.5 (@1.834),-1.0
Honduras vs Haiti,3-0,0.64,0.97,0.7,1.14,,0.0,home 0.5 (@1.935),0.935
Nicaragua vs Haiti,0-3,0.14,0.91,0.14,1.08,,0.0,home 1.0 (@1.883),-1.0
Costa Rica vs Haiti,3-3,0.45,0.79,0.37,0.88,,0.0,home 0.5 (@1.944),0.944
Haiti vs Honduras,0-0,0.9,1.04,1.07,1.1,,0.0,away 0 (@1.963),-1.0
Haiti vs Tunisia,0-1,1.02,0.96,1.19,0.83,,0.0,home 0.0 (@2.039),-1.0
Haiti vs Iceland,1-1,1.02,0.85,1.19,1.0,,0.0,home 0.0 (@1.935),-1.0
Nigeria vs Morocco,0-0,1.5,1.53,1.49,1.67,Over 2.25 (@2.461),-1.0,away 0 (@2.069),-1.0
Cameroon vs Morocco,0-2,0.56,1.47,0.37,1.59,,0.0,home 1.0 (@2.01),-1.0
Morocco vs Tanzania,1-0,1.52,0.18,1.7,0.26,,0.0,home -1.5 (@2.283),-1.0
Turkey vs Bắc Macedonia,4-0,1.47,0.68,1.82,1.01,,0.0,home -0.5 (@1.834),0.8340000000000001
Kosovo vs Turkey,0-1,0.81,1.56,0.81,1.91,Over 1.5 (@2.299),-1.0,away -0.5 (@1.867),0.867
Turkey vs Romania,1-0,1.6,1.07,1.89,0.79,Over 1.5 (@1.886),-1.0,home -0.5 (@2.069),1.069
Turkey vs Bulgaria,2-0,1.48,0.29,1.71,0.27,,0.0,away 1.5 (@1.818),-1.0
Turkey vs Georgia,4-1,1.54,0.48,1.8,0.3,,0.0,home -1.0 (@2.039),1.0390000000000001
Bulgaria vs Turkey,1-6,0.29,1.56,0.27,1.83,,0.0,home 1.5 (@1.883),-1.0
Georgia vs Turkey,2-3,0.45,1.66,0.29,1.98,,0.0,away -1.0 (@1.9),0.8999999999999999
Morocco vs Paraguay,2-1,1.51,0.82,1.63,0.82,Over 1.5 (@2.368),1.3679999999999999,away 1.0 (@1.818),-1.0
Hy Lạp vs Paraguay,0-1,1.62,0.97,2.4,0.89,Over 1.5 (@1.981),-1.0,away 0.5 (@2.27),1.27
Mexico vs Paraguay,1-2,1.34,0.68,1.12,0.6,,0.0,home -0.5 (@1.944),-1.0
South Korea vs Paraguay,2-0,1.41,0.69,1.26,0.62,,0.0,away 1.0 (@1.842),-1.0
United States vs Portugal,0-2,1.51,2.9,1.5,2.78,Over 3.5 (@2.234),-1.0,home 1.5 (@1.991),-1.0
United States vs South Korea,0-2,1.34,1.55,1.34,1.4,Over 2.0 (@2.266),-1.0,home 0.5 (@1.834),-1.0
Mexico vs Australia,1-0,1.46,0.81,1.24,0.69,Over 1.5 (@2.48),-1.0,away 0.5 (@2.27),-1.0
Australia vs Cameroon,1-0,0.71,0.61,0.61,0.37,,0.0,home 0.0 (@2.0),1.0
Colombia vs Australia,3-0,1.55,0.86,1.46,0.73,Over 1.5 (@2.234),1.234,away 1.0 (@1.818),-1.0
Venezuela vs Australia,1-0,0.39,0.8,0.57,0.71,,0.0,home 0.5 (@2.01),1.0099999999999998
United States vs Australia,2-1,1.44,0.8,1.44,0.67,,0.0,home -0.5 (@1.963),0.9630000000000001
Canada vs Australia,0-1,1.0,0.81,0.88,0.69,,0.0,away 0.5 (@1.818),0.8180000000000001
New Zealand vs Australia,1-3,0.58,0.79,0.48,0.66,,0.0,home 0.5 (@1.834),-1.0
Australia vs New Zealand,1-0,0.84,0.64,0.71,0.54,,0.0,away 0.5 (@1.826),-1.0
Germany vs Phần Lan,4-0,2.63,0.71,1.52,0.9,Over 2.5 (@2.351),1.351,home -2.0 (@2.188),1.1880000000000002
Germany vs Ghana,2-1,2.72,0.39,1.57,0.55,Over 2.25 (@2.316),1.3159999999999998,home -2.5 (@2.295),-1.0
Switzerland vs Germany,3-4,1.84,2.74,2.01,1.58,Over 3.5 (@1.994),0.994,home 1.0 (@2.0),-1.0
Germany vs Slovakia,6-0,2.6,1.28,1.42,1.63,Over 3.0 (@2.283),1.283,away 1.0 (@2.5),-1.0
Luxembourg vs Germany,0-2,0.01,2.84,0.01,1.63,Over 2.0 (@2.333),-1.0,,0.0
Bắc Ireland vs Germany,0-1,0.28,2.89,0.42,1.65,Over 2.25 (@2.218),-1.0,,0.0
Germany vs Luxembourg,4-0,2.62,0.8,1.52,1.2,Over 2.5 (@2.218),1.218,home -2.0 (@2.308),1.3079999999999998
Germany vs Bắc Ireland,3-1,2.74,0.6,1.58,0.9,Over 2.5 (@2.351),1.351,home -2.0 (@1.963),-1.0
Slovakia vs Germany,2-0,0.39,2.83,0.5,1.58,Over 2.25 (@2.143),-1.0,,0.0
Morocco vs Ecuador,1-1,1.48,1.46,1.59,1.36,Over 2.0 (@2.188),-1.0,home 0.0 (@2.079),-1.0
Canada vs Ecuador,0-0,1.12,1.47,1.02,1.34,Over 1.5 (@1.981),-1.0,home 0.5 (@1.953),0.9530000000000001
Mexico vs Ecuador,1-1,1.4,1.39,1.19,1.26,Over 2.0 (@2.442),-1.0,home 0.0 (@2.09),-1.0
United States vs Ecuador,1-1,1.47,1.46,1.47,1.33,Over 2.0 (@2.203),-1.0,home 0.0 (@2.09),-1.0
Scotland vs Ivory Coast,0-1,1.77,1.48,1.05,1.75,Over 2.25 (@2.1),-1.0,away 0.5 (@1.9),0.8999999999999999
South Korea vs Ivory Coast,0-4,1.51,1.35,1.43,1.54,Over 2.0 (@2.316),1.3159999999999998,home 0.0 (@1.944),-1.0
Ivory Coast vs Burkina Faso,3-0,1.48,1.02,1.85,1.5,Over 1.5 (@2.1),1.1,away 0.5 (@2.059),-1.0
Gabon vs Ivory Coast,2-3,0.0,1.5,0.0,1.87,Over 2.0 (@2.1),1.1,away 0 (@2.1),1.1
Ivory Coast vs Cameroon,1-1,1.6,0.52,1.92,0.35,,0.0,home -1.0 (@2.019),-1.0
Scotland vs Curacao,4-1,1.62,1.14,0.97,1.2,Over 2.0 (@2.5),1.5,away 0.5 (@2.079),-1.0
Australia vs Curacao,5-1,0.72,1.14,0.67,1.2,,0.0,home 0.5 (@2.019),1.0190000000000001
Jamaica vs Curacao,0-0,0.8,1.12,0.8,1.22,,0.0,away 0 (@1.81),-1.0
Bermuda vs Curacao,0-7,0.54,0.81,0.54,0.9,,0.0,home 0.5 (@1.883),-1.0
Curacao vs Trinidad & Tobago,1-1,1.12,0.31,1.22,0.31,,0.0,away 1.0 (@1.918),0.9179999999999999
Curacao vs Jamaica,2-0,1.17,0.67,1.27,0.67,,0.0,home -0.5 (@2.1),1.1
Curacao vs Bermuda,3-2,0.9,0.07,1.0,0.07,,0.0,home -1.0 (@2.295),-1.0
Trinidad & Tobago vs Curacao,0-0,0.97,1.19,0.97,1.29,,0.0,away 0 (@1.892),-1.0
Sweden vs Ba Lan,3-2,1.14,0.63,1.24,0.94,,0.0,away 0.5 (@2.111),-1.0
Ukraine vs Sweden,1-3,0.46,1.07,0.53,1.05,,0.0,away -0.5 (@1.991),0.9910000000000001
Sweden vs Slovenia,1-1,1.24,1.04,1.32,1.07,Over 1.5 (@2.461),1.4609999999999999,away 0.5 (@1.826),0.8260000000000001
Sweden vs Kosovo,0-1,1.19,0.74,1.29,0.74,,0.0,away 0.5 (@2.049),1.049
Switzerland vs Sweden,4-1,1.7,1.24,1.91,1.34,Over 2.0 (@2.188),1.1880000000000002,away 0.5 (@2.059),-1.0
Sweden vs Switzerland,0-2,1.21,1.65,1.31,1.85,Over 2.0 (@2.316),-1.0,home 0.5 (@2.039),-1.0
Kosovo vs Sweden,2-0,0.66,1.21,0.66,1.31,,0.0,home 0.5 (@2.154),1.154
Slovenia vs Sweden,2-2,1.5,1.17,1.37,1.23,Over 1.5 (@1.886),0.8859999999999999,away 0.5 (@1.935),0.935
Netherlands vs Algeria,0-1,2.21,1.15,1.33,0.97,Over 2.5 (@2.316),-1.0,home -1.0 (@2.039),-1.0
Netherlands vs Ecuador,1-1,2.38,1.34,1.47,1.18,Over 2.75 (@2.143),-1.0,home -1.0 (@2.059),-1.0
Netherlands vs Lithuania,4-0,2.13,0.34,1.35,0.51,Over 1.5 (@2.143),1.1429999999999998,away 1.5 (@2.456),-1.0
Ba Lan vs Netherlands,1-1,0.61,2.32,0.66,1.45,Over 2.0 (@2.203),-1.0,home 1.5 (@2.346),1.346
Netherlands vs Phần Lan,4-0,2.18,0.65,1.38,0.81,Over 2.0 (@2.368),1.3679999999999999,away 1.5 (@2.132),-1.0
Malta vs Netherlands,0-4,0.16,2.11,0.2,1.28,Over 1.5 (@2.48),1.48,away -2.0 (@2.154),1.154
Lithuania vs Netherlands,2-3,0.67,2.3,1.01,1.44,Over 2.0 (@2.143),1.1429999999999998,away -1.5 (@1.972),0.972
Netherlands vs Ba Lan,1-1,2.29,1.04,1.43,1.3,Over 2.5 (@2.368),-1.0,away 1.5 (@1.867),0.867
Netherlands vs Malta,8-0,2.02,0.36,1.21,0.46,Over 1.5 (@2.283),1.283,home -1.5 (@1.944),0.944
Phần Lan vs Netherlands,0-2,0.76,2.21,0.98,1.39,Over 2.0 (@2.143),-1.0,away -1.5 (@2.154),1.154
Canada vs Tunisia,0-0,1.1,0.93,1.0,0.8,,0.0,home 0.0 (@1.935),-1.0
Mali vs Tunisia,1-1,1.12,0.85,1.37,0.72,,0.0,away 0.5 (@1.883),0.883
Tanzania vs Tunisia,1-1,0.73,0.86,0.73,0.77,,0.0,away 0 (@1.972),-1.0
Nigeria vs Tunisia,3-2,0.99,0.85,0.98,0.72,,0.0,home 0.0 (@1.963),0.9630000000000001
Japan vs Iceland,1-0,1.3,0.79,1.14,0.94,,0.0,home -0.5 (@2.09),1.0899999999999999
England vs Japan,0-1,2.36,1.35,1.89,1.18,Over 2.75 (@2.158),-1.0,home -1.0 (@2.09),-1.0
Scotland vs Japan,0-1,1.78,1.18,0.98,1.04,Over 2.0 (@2.158),-1.0,away 0.5 (@2.211),1.2109999999999999
Japan vs Bolivia,3-0,1.22,0.36,1.15,0.49,,0.0,home -1.0 (@2.258),1.258
Japan vs Ghana,2-0,1.3,0.42,1.19,0.59,,0.0,home -1.0 (@2.234),1.234
Japan vs Brazil,3-2,1.15,2.36,0.97,2.05,Over 2.75 (@2.5),1.5,away -1.5 (@2.456),1.456
Japan vs Paraguay,2-2,1.26,0.8,1.09,0.72,,0.0,away 0.5 (@2.059),1.0590000000000002
United States vs Japan,2-0,1.37,1.29,1.36,1.13,Over 1.5 (@1.898),0.8979999999999999,home 0.0 (@2.019),1.0190000000000001
Mexico vs Japan,0-0,1.47,1.32,1.25,1.16,Over 2.0 (@2.442),-1.0,home 0.0 (@1.953),-1.0
Croatia vs Belgium,0-2,2.19,2.73,1.26,1.87,Over 4.0 (@2.218),-1.0,away -0.5 (@2.059),1.0590000000000002
Mexico vs Belgium,1-1,1.43,2.8,1.22,1.95,Over 3.0 (@1.821),-1.0,away -1.5 (@2.246),1.246
United States vs Belgium,2-5,1.44,2.57,1.43,1.72,Over 3.0 (@2.086),1.0859999999999999,home 1.0 (@2.246),-1.0
BI vs Liechtenstein,7-0,2.87,0.0,2.87,0.0,Over 3.0 (@2.006),1.0059999999999998,home -1.5 (@1.935),0.935
Kazakhstan vs BI,1-1,0.23,3.07,0.35,3.07,Over 2.5 (@2.423),-1.0,,0.0
Wales vs Belgium,2-4,1.45,2.48,1.17,1.68,Over 3.0 (@2.203),1.2029999999999998,away -1.0 (@2.069),1.069
Belgium vs Bắc Macedonia,0-0,2.47,1.08,1.8,1.4,Over 2.75 (@2.423),-1.0,home -1.5 (@2.222),-1.0
Belgium vs Kazakhstan,6-0,2.43,0.34,1.78,0.34,Over 2.0 (@2.48),1.48,home -2.0 (@2.01),1.0099999999999998
Liechtenstein vs Belgium,0-6,0.04,2.48,0.04,1.8,Over 1.5 (@2.072),1.072,,0.0
Belgium vs Wales,4-3,2.51,1.1,1.7,0.78,Over 2.75 (@2.316),1.3159999999999998,home -1.5 (@2.199),-1.0
Bắc Macedonia vs Belgium,1-1,0.46,2.59,0.48,1.86,Over 2.25 (@2.423),-1.0,away -2.0 (@1.972),0.972
Egypt vs Zimbabwe,2-1,0.69,0.88,0.81,0.88,,0.0,home 0.5 (@1.818),0.8180000000000001
Egypt vs South Africa,1-0,0.88,1.24,0.95,1.4,,0.0,home 0.5 (@1.963),0.9630000000000001
Angola vs Egypt,0-0,0.49,0.92,0.49,1.01,,0.0,away -0.5 (@2.176),1.1760000000000002
Egypt vs Benin,3-1,0.87,0.49,0.99,0.49,,0.0,home -0.5 (@2.234),1.234
Egypt vs Ivory Coast,3-2,0.91,1.58,1.03,1.94,Over 1.5 (@2.114),1.1139999999999999,home 0.5 (@2.295),1.295
Egypt vs Nigeria,0-0,0.96,1.47,1.06,1.48,Over 1.5 (@2.203),-1.0,home 0.5 (@2.111),1.1110000000000002
Egypt vs Nga,1-0,0.87,1.29,0.94,1.37,,0.0,away -0.5 (@2.188),-1.0
Nga vs Iran,2-1,0.52,0.0,0.27,0.0,,0.0,away -0.5 (@1.927),-1.0
Costa Rica vs Iran,0-5,0.96,1.18,0.69,1.1,,0.0,home 0.5 (@1.842),-1.0
New Zealand vs Chilê,4-1,0.47,0.7,0.4,0.82,,0.0,home 0.5 (@1.85),0.8500000000000001
New Zealand vs Phần Lan,0-2,0.67,0.63,0.58,0.78,,0.0,home 0.0 (@2.059),-1.0
Ecuador vs New Zealand,2-0,1.21,0.66,1.04,0.56,,0.0,away 0.5 (@2.154),-1.0
Colombia vs New Zealand,2-1,1.55,0.65,1.44,0.54,,0.0,away 1.0 (@2.0),-1.0
Ba Lan vs New Zealand,1-0,1.14,0.7,1.45,0.59,,0.0,away 0.5 (@2.039),-1.0
New Zealand vs Ukraine,1-2,0.7,0.71,0.59,0.65,,0.0,home 0.0 (@2.111),-1.0
New Zealand vs Ivory Coast,1-0,0.7,1.71,0.59,2.07,Over 1.5 (@2.234),-1.0,home 1.0 (@2.111),1.1110000000000002
Bulgaria vs Spain,0-3,0.39,2.64,0.3,2.05,Over 2.25 (@2.461),1.4609999999999999,away -2.0 (@1.867),0.867
Turkey vs Spain,0-6,1.68,2.73,2.03,2.1,Over 3.5 (@2.234),1.234,away -1.0 (@2.049),1.049
Spain vs Georgia,2-0,2.61,0.83,2.0,0.48,Over 2.5 (@2.188),-1.0,home -2.0 (@2.36),-1.0
Spain vs Bulgaria,4-0,2.59,0.3,2.01,0.18,Over 2.0 (@2.266),1.266,home -2.5 (@2.346),1.346
Georgia vs Spain,0-4,0.74,2.64,0.37,2.03,Over 2.5 (@2.283),1.283,away -2.0 (@2.211),1.2109999999999999
Spain vs Turkey,2-2,2.75,1.62,2.11,1.96,Over 3.5 (@2.299),1.299,away 1.0 (@2.246),1.246
Spain vs Serbia,3-0,2.88,0.76,2.23,0.51,Over 2.75 (@2.266),1.266,home -2.0 (@1.981),0.9810000000000001
Spain vs Egypt,0-0,2.75,0.97,2.16,1.09,Over 2.75 (@2.143),-1.0,home -2.0 (@2.36),-1.0
Spain vs Iraq,1-1,2.88,0.71,2.22,0.67,Over 2.75 (@2.351),-1.0,home -2.0 (@1.935),-1.0
Uruguay vs Cộng hòa Dominican,1-0,0.98,0.0,0.78,0.0,,0.0,away 0 (@1.892),-1.0
Uzbekistan vs Uruguay,1-2,0.49,0.68,0.72,0.63,,0.0,home 0.5 (@1.818),-1.0
Mexico vs Uruguay,0-0,1.47,1.06,1.25,0.81,Over 1.5 (@2.059),-1.0,home -0.5 (@2.199),-1.0
United States vs Uruguay,5-1,1.51,0.96,1.5,0.71,Over 1.5 (@2.143),1.1429999999999998,home -0.5 (@2.049),1.049
England vs Uruguay,1-1,2.22,0.82,1.76,0.55,Over 2.25 (@2.442),-1.0,home -1.5 (@2.211),-1.0
Algeria vs Uruguay,0-0,1.16,0.88,0.98,0.65,,0.0,home 0.0 (@1.842),-1.0
Cape Verde vs Phần Lan,1-1,0.29,0.49,0.43,0.74,,0.0,home 0.5 (@1.826),0.8260000000000001
Cape Verde vs Cameroon,1-0,0.44,0.68,0.58,0.44,,0.0,home 0.5 (@1.858),0.8580000000000001
Cape Verde vs Serbia,3-0,0.44,0.79,0.58,0.54,,0.0,home 0.5 (@1.953),0.9530000000000001
Comoros vs Saudi Arabia,1-3,0.0,1.47,0.0,1.86,Over 2.0 (@2.143),1.1429999999999998,home 0.0 (@2.069),-1.0
Morocco vs Saudi Arabia,1-0,1.56,1.55,1.78,1.8,Over 2.25 (@2.316),-1.0,home 0.0 (@2.09),1.0899999999999999
Palestine vs Saudi Arabia,1-2,0.98,1.58,0.98,1.97,Over 1.5 (@2.019),1.0190000000000001,away -0.5 (@2.0),1.0
Saudi Arabia vs Egypt,0-4,1.77,0.86,2.14,1.03,Over 1.5 (@1.933),0.933,away 1.0 (@2.01),1.0099999999999998
Serbia vs Saudi Arabia,2-1,0.23,1.64,0.26,1.93,,0.0,away -1.5 (@2.199),1.1989999999999998
Ecuador vs Saudi Arabia,2-1,1.35,1.67,1.31,1.98,Over 2.25 (@2.48),1.48,home 0.5 (@1.927),0.927
Ukraine vs France,0-2,0.27,2.25,0.14,1.91,Over 1.5 (@2.072),1.072,away -2.0 (@2.121),1.121
France vs Iceland,2-1,2.18,0.73,1.89,0.86,Over 2.0 (@2.234),1.234,home -1.5 (@2.154),-1.0
France vs Azerbaijan,3-0,2.25,0.15,1.92,0.18,Over 1.5 (@2.25),1.25,home -2.0 (@2.0),1.0
Iceland vs France,2-2,0.66,2.3,0.77,1.97,Over 2.0 (@2.158),1.158,away -1.5 (@1.963),0.9630000000000001
France vs Ukraine,4-0,2.09,0.7,1.77,0.64,Over 2.0 (@2.442),1.4420000000000002,home -1.5 (@2.222),1.222
Azerbaijan vs France,1-3,0.04,2.21,0.05,1.89,,0.0,away -2.0 (@1.935),0.935
Brazil vs France,1-2,2.27,2.37,1.95,1.99,Over 3.5 (@1.921),-1.0,away 0 (@2.0),1.0
Colombia vs France,1-3,1.65,2.37,1.53,2.0,Over 3.0 (@2.072),1.072,away -1.0 (@2.442),1.4420000000000002
France vs Ivory Coast,1-2,2.42,1.56,2.07,1.89,Over 3.0 (@2.128),-1.0,home -1.0 (@2.258),-1.0
Norway vs New Zealand,1-1,2.54,0.55,1.88,0.48,Over 2.25 (@2.351),-1.0,away 2.0 (@2.09),1.0899999999999999
Netherlands vs Norway,2-1,2.22,2.59,1.35,1.94,Over 4.0 (@2.405),-1.0,away -0.5 (@2.246),-1.0
Norway vs Switzerland,0-0,2.63,1.82,1.99,2.04,Over 3.5 (@2.172),-1.0,home -1.0 (@2.32),-1.0
Norway vs Sweden,3-1,2.35,1.26,1.71,1.36,Over 2.75 (@2.316),1.3159999999999998,home -1.0 (@2.01),1.0099999999999998
Senegal vs Sudan,3-1,1.19,0.45,0.9,0.38,,0.0,home -0.5 (@1.875),0.875
Mali vs Senegal,0-1,1.15,1.14,1.18,0.91,Over 1.5 (@2.442),-1.0,home 0.0 (@2.09),-1.0
Senegal vs Egypt,1-0,1.32,0.97,1.04,1.09,Over 1.5 (@2.442),-1.0,away 0.5 (@1.953),-1.0
Senegal vs Morocco,0-3,1.16,1.39,0.88,1.58,Over 1.5 (@2.032),1.032,home 0.5 (@1.85),-1.0
Senegal vs Peru,2-0,1.14,1.11,0.97,1.42,,0.0,home 0.0 (@2.069),1.069
United States vs Senegal,3-2,1.3,1.17,1.29,0.89,Over 1.5 (@2.143),1.1429999999999998,home 0.0 (@1.972),0.972
Sudan vs Iraq,0-2,0.4,0.62,0.35,0.57,,0.0,home 0.5 (@1.842),-1.0
Algeria vs Iraq,2-0,0.98,0.69,0.79,0.66,,0.0,away 0.5 (@1.9),-1.0
Jordan vs Iraq,1-0,0.96,0.53,0.63,0.5,,0.0,away 0.5 (@2.029),-1.0
Iraq vs Bolivia,2-1,0.61,0.27,0.64,0.37,,0.0,home -0.5 (@2.283),1.283
Austria vs Đảo Síp,1-0,1.91,1.25,1.06,1.34,Over 2.25 (@2.234),-1.0,away 0.5 (@2.283),-1.0
Bosnia-Herzegovina vs Austria,1-2,1.16,2.02,1.57,1.11,Over 2.25 (@2.203),1.2029999999999998,home 1.0 (@1.963),-1.0
Romania vs Austria,1-0,0.98,2.16,0.57,1.17,Over 2.25 (@2.266),-1.0,away -1.5 (@2.5),1.5
Đảo Síp vs Austria,0-2,1.7,1.86,2.01,1.04,Over 2.75 (@2.405),-1.0,away 0 (@1.944),0.944
Austria vs Bosnia-Herzegovina,1-1,2.03,1.31,1.12,1.81,Over 2.5 (@2.351),-1.0,away 0.5 (@2.36),1.3599999999999999
Austria vs Ghana,5-1,1.86,0.42,1.03,0.59,Over 1.5 (@2.461),1.4609999999999999,home -1.5 (@2.165),1.165
Austria vs South Korea,1-0,2.13,1.55,1.14,1.41,Over 2.75 (@2.203),-1.0,away 0.5 (@2.188),-1.0
Austria vs Tunisia,1-0,2.01,0.86,1.04,0.72,Over 2.0 (@2.299),-1.0,away 1.0 (@2.27),-1.0
Ecuador vs Argentina,1-0,1.32,2.07,1.16,1.24,Over 2.5 (@2.266),-1.0,home 0.5 (@2.4),1.4
Argentina vs Venezuela,1-0,1.72,0.55,1.08,0.81,Over 1.5 (@2.48),-1.0,away 1.0 (@2.295),-1.0
Puerto Rico vs Argentina,0-6,0.28,1.72,0.28,1.08,,0.0,away -1.5 (@2.165),1.165
Angola vs Argentina,0-2,0.76,1.92,0.38,1.07,Over 1.5 (@1.875),0.875,away -1.0 (@1.944),0.944
Algeria vs Sudan,3-0,0.94,0.54,0.7,0.49,,0.0,away 0.5 (@2.0),-1.0
Algeria vs Burkina Faso,1-0,0.96,0.41,0.91,0.41,,0.0,home -0.5 (@2.049),1.049
Algeria vs Congo DR,1-0,1.13,1.54,0.99,1.66,Over 1.5 (@1.886),-1.0,home 0.5 (@2.01),1.0099999999999998
Algeria vs Nigeria,0-2,1.2,0.68,1.02,0.67,,0.0,away 0.5 (@2.121),1.121
Algeria vs Guatemala,7-0,1.21,0.82,1.04,1.17,,0.0,away 0.5 (@1.991),-1.0
Armenia vs Portugal,0-5,0.75,2.28,0.75,2.16,Over 2.25 (@2.461),1.4609999999999999,away -1.5 (@2.069),1.069
Hungary vs Portugal,2-3,1.88,2.72,2.15,2.63,Over 3.5 (@1.969),0.9690000000000001,away -1.0 (@2.283),1.283
Portugal vs Ireland,1-0,2.65,1.69,2.56,1.29,Over 3.5 (@2.351),-1.0,home -1.0 (@2.143),-1.0
Portugal vs Hungary,2-2,2.7,0.48,2.62,0.55,Over 2.25 (@2.203),1.2029999999999998,home -2.5 (@2.442),-1.0
Ireland vs Portugal,2-0,1.21,2.8,0.76,2.7,Over 3.0 (@2.086),-1.0,away -1.5 (@2.01),-1.0
Portugal vs Armenia,9-1,2.35,0.19,2.23,0.19,Over 1.5 (@2.045),1.045,away 2.0 (@2.283),-1.0
Mexico vs Colombia,0-4,1.44,1.68,1.22,1.58,Over 2.25 (@2.299),1.299,home 0.5 (@1.858),-1.0
Canada vs Colombia,0-0,1.18,1.65,1.08,1.58,Over 2.0 (@2.368),-1.0,home 0.5 (@2.069),1.069
Colombia vs Croatia,1-2,1.52,2.18,1.42,1.25,Over 2.75 (@2.172),1.1720000000000002,home 0.5 (@2.283),-1.0
Colombia vs Costa Rica,3-1,1.54,0.82,1.5,0.52,Over 1.5 (@2.316),1.3159999999999998,home -0.5 (@1.892),0.8919999999999999
Congo DR vs Benin,1-0,1.32,1.22,1.45,1.22,Over 1.5 (@2.045),-1.0,home 0.0 (@2.0),1.0
Senegal vs Congo DR,1-1,1.13,1.41,0.96,1.47,Over 1.5 (@2.045),1.045,home 0.5 (@1.892),0.8919999999999999
Congo DR vs Jamaica,1-0,1.33,1.17,1.46,1.17,Over 1.5 (@2.1),-1.0,home 0.0 (@1.944),0.944
Congo DR vs Đan Mạch,0-0,1.43,1.77,1.56,2.28,Over 2.25 (@2.172),-1.0,home 0.5 (@1.944),0.944
Uzbekistan vs Gabon,3-1,0.68,0.87,0.99,0.87,,0.0,home 0.5 (@1.818),0.8180000000000001
Uzbekistan vs Venezuela,0-0,0.68,0.63,0.99,0.92,,0.0,home 0.0 (@2.049),-1.0
Quần đảo Faroe vs Croatia,0-1,0.57,2.03,0.68,1.24,Over 1.5 (@1.969),-1.0,away -1.5 (@2.143),1.1429999999999998
Croatia vs Montenegro,4-0,1.95,0.98,1.21,1.47,Over 2.0 (@2.203),1.2029999999999998,away 1.0 (@2.069),-1.0
Croatia vs Gibraltar,3-0,1.91,0.0,1.18,0.0,Over 2.25 (@2.316),1.3159999999999998,home -1.0 (@2.456),1.456
Croatia vs Quần đảo Faroe,3-1,2.02,0.86,1.24,1.13,Over 2.0 (@2.283),1.283,away 1.0 (@2.283),-1.0
Montenegro vs Croatia,2-3,0.16,2.02,0.24,1.24,,0.0,away -2.0 (@2.258),1.258
England vs Wales,3-0,2.06,1.53,1.66,1.26,Over 2.75 (@2.351),1.351,home -0.5 (@2.069),1.069
England vs Serbia,2-0,2.32,0.7,1.87,0.43,Over 2.25 (@2.48),-1.0,home -1.5 (@1.981),0.9810000000000001
Ghana vs Comoros,1-0,0.47,1.29,0.67,1.29,,0.0,home 0.5 (@2.5),1.5
Wales vs Ghana,1-1,1.25,0.28,1.21,0.39,,0.0,home -1.0 (@2.132),-1.0
El Salvador vs Panama,0-1,0.6,1.06,0.7,0.66,,0.0,home 0.5 (@2.059),-1.0
Guatemala vs Panama,2-3,0.11,1.13,0.15,0.71,,0.0,away -1.0 (@2.079),1.0790000000000002
Panama vs El Salvador,3-0,0.8,0.86,0.51,1.06,,0.0,home 0.0 (@2.165),1.165
Panama vs Mexico,0-1,1.17,1.43,0.73,1.23,Over 1.5 (@1.969),-1.0,away 0 (@1.858),0.8580000000000001
Panama vs Cộng hòa Dominican,4-2,1.18,0.27,0.74,0.41,,0.0,home -1.0 (@2.199),1.1989999999999998
Croatia vs Slovenia,2-1,2.13,1.1,1.25,0.7,Over 2.25 (@2.128),1.1280000000000001,home -1.0 (@2.069),-1.0
Morocco vs Norway,1-1,1.5,2.59,1.71,1.94,Over 3.0 (@1.981),-1.0,away -1.0 (@2.01),1.0099999999999998
Ecuador vs Guatemala,3-0,1.21,0.76,1.23,1.07,,0.0,away 0.5 (@2.049),-1.0
Colombia vs Jordan,2-0,1.58,1.03,1.48,0.69,Over 1.5 (@1.957),0.9570000000000001,home -0.5 (@2.049),1.049
Argentina vs Honduras,2-0,1.77,1.44,1.11,1.44,Over 2.25 (@2.158),-1.0,away 0.5 (@1.935),-1.0
Venezuela vs Turkey,1-2,0.54,1.59,0.79,2.01,,0.0,away -1.0 (@2.049),1.049
Brazil vs Egypt,2-1,2.21,0.94,1.97,1.05,Over 2.25 (@2.25),1.25,home -1.5 (@2.373),-1.0
Qatar vs El Salvador,0-0,0.72,0.65,0.96,0.92,,0.0,home 0.0 (@2.029),-1.0
Cape Verde vs Bermuda,3-0,0.44,0.61,0.58,0.61,,0.0,home 0.0 (@2.295),1.295
Bolivia vs Scotland,0-4,0.4,1.46,0.57,0.88,,0.0,away -1.0 (@2.039),1.0390000000000001
England vs New Zealand,1-0,2.28,0.69,1.8,0.58,Over 2.0 (@2.143),-1.0,away 1.5 (@2.199),1.1989999999999998
Switzerland vs Australia,1-1,1.74,0.77,1.94,0.64,Over 1.5 (@2.086),1.0859999999999999,away 1.0 (@2.069),1.069
Panama vs Bosnia-Herzegovina,1-1,1.18,1.43,0.74,1.98,Over 1.5 (@1.957),0.9570000000000001,home 0.5 (@1.867),0.867
United States vs Germany,1-2,1.48,2.85,1.47,1.56,Over 3.5 (@2.368),-1.0,home 1.5 (@1.972),0.972
Portugal vs Chilê,2-1,2.81,0.59,2.72,0.68,Over 2.5 (@2.25),1.25,home -2.5 (@2.442),-1.0
Belgium vs Tunisia,5-0,2.4,0.93,1.63,0.79,Over 2.5 (@2.368),1.3679999999999999,home -1.5 (@2.132),1.1320000000000001
Haiti vs Peru,1-2,0.94,0.83,1.11,1.25,,0.0,home 0.0 (@1.991),-1.0
Canada vs Ireland,1-1,1.05,1.32,0.93,0.97,Over 1.5 (@2.299),1.299,home 0.5 (@1.883),0.883
Puerto Rico vs Saudi Arabia,0-3,0.21,1.65,0.32,2.04,,0.0,away -1.5 (@2.165),1.165
Paraguay vs Nicaragua,4-0,0.97,0.29,0.89,0.29,,0.0,home -0.5 (@1.927),0.927
Sweden vs Hy Lạp,2-2,1.15,0.96,1.33,1.41,,0.0,away 0.5 (@1.818),0.8180000000000001
Czech Republic vs Guatemala,3-1,1.44,0.82,1.6,1.17,Over 1.5 (@2.5),1.5,away 0.5 (@2.234),-1.0
Mexico vs Serbia,5-1,1.32,0.68,1.12,0.42,,0.0,home -0.5 (@1.963),0.9630000000000001
South Korea vs El Salvador,1-0,1.51,0.98,1.42,1.23,Over 1.5 (@2.114),-1.0,home -0.5 (@2.069),1.069
Netherlands vs Uzbekistan,2-1,2.01,0.43,1.29,0.62,Over 1.5 (@2.188),1.1880000000000002,away 1.5 (@2.188),1.1880000000000002
Iraq vs Venezuela,0-2,0.73,0.63,0.7,0.92,,0.0,home 0.0 (@2.0),-1.0
Argentina vs Iceland,3-0,1.78,0.6,1.01,0.7,Over 1.5 (@2.283),1.283,home -1.5 (@2.5),1.5
Saudi Arabia vs Senegal,0-0,1.68,1.31,1.99,1.05,Over 2.0 (@2.114),-1.0,away 0.5 (@1.972),0.972
Peru vs Spain,1-3,0.71,2.82,0.82,2.24,Over 2.75 (@2.461),1.4609999999999999,away -2.0 (@1.991),0.9910000000000001
Portugal vs Nigeria,2-1,2.8,1.44,2.72,1.41,Over 3.0 (@1.81),-1.0,home -1.5 (@2.258),-1.0
England vs Costa Rica,3-0,1.82,0.96,1.55,0.68,Over 2.0 (@2.461),1.4609999999999999,home -1.0 (@2.258),1.258
United States vs Paraguay,4-1,1.44,0.89,1.43,0.82,Over 1.5 (@2.368),1.3679999999999999,away 0.5 (@2.154),-1.0
Qatar vs Switzerland,1-1,0.78,1.52,1.0,1.82,Over 1.5 (@2.423),1.423,home 1.0 (@1.858),0.8580000000000001
Brazil vs Morocco,1-1,2.36,1.48,2.04,1.66,Over 3.0 (@2.351),-1.0,away 1.0 (@1.981),0.9810000000000001
Haiti vs Scotland,0-1,0.9,1.75,1.04,1.01,Over 1.5 (@1.909),-1.0,home 1.0 (@1.953),-1.0
Australia vs Turkey,2-0,0.79,1.6,0.67,1.96,Over 1.5 (@2.266),1.266,home 1.0 (@1.918),0.9179999999999999
Canada vs Bosnia-Herzegovina,1-1,1.06,1.29,0.99,1.81,Over 1.5 (@2.333),1.3330000000000002,home 0.5 (@1.85),0.8500000000000001
South Korea vs Czech Republic,2-1,1.38,1.32,1.26,1.47,Over 1.5 (@1.853),0.853,home 0.0 (@2.039),1.0390000000000001
Mexico vs South Africa,2-0,1.39,1.34,1.21,1.44,Over 1.5 (@1.821),0.821,home 0.0 (@2.049),1.049
Germany vs Curacao,7-1,2.58,1.17,1.5,1.24,Over 2.75 (@2.1),1.1,home -1.5 (@2.199),1.1989999999999998
Sweden vs Tunisia,5-1,1.17,0.93,1.28,0.8,,0.0,away 0.5 (@1.858),-1.0
Netherlands vs Japan,2-2,2.33,1.35,1.42,1.18,Over 2.75 (@2.203),1.2029999999999998,away 1.0 (@2.079),1.0790000000000002
Ivory Coast vs Ecuador,1-0,1.54,1.4,1.9,1.27,Over 2.0 (@2.188),-1.0,home 0.0 (@1.963),0.9630000000000001
