HomeTeam,AwayTeam,HomeScore,AwayScore,Time,xG_Home,xG_Away,xGOT_Home,xGOT_Away,xA_Home,xA_Away,Total_Shots_Home,Total_Shots_Away,Touches_In_Box_Home,Touches_In_Box_Away,Passes_Final_Third_Home,Passes_Final_Third_Away,Blocked_Shots_Home,Blocked_Shots_Away,Goals_Prevented_Home,Goals_Prevented_Away,Timestamp,Shot_Quality_Home,Shot_Quality_Away,Shooting_Efficiency_Home,Shooting_Efficiency_Away,Goalkeeping_Overperformance_Home,Goalkeeping_Overperformance_Away,Home_Rank,Away_Rank,Rank_Diff,Corners_Home,Corners_Away,Yellow_Cards_Home,Yellow_Cards_Away,Fouls_Home,Fouls_Away,Tackles_Home,Tackles_Away,Duels_Won_Home,Duels_Won_Away,Clearances_Home,Clearances_Away,Crosses_Home,Crosses_Away,Possession_Home,Possession_Away,MatchDate
Mexico,Ghana,2,0,FT,1.52,0.22,2.61,0.31,0.7,0.12,16,7,30.0,8.0,116.0,44.0,2.0,1.0,0.31,0.61,2026-06-02 13:21:05,0.095,0.0314285714285714,1.09,0.09,0.31,0.6099999999999999,17,70,53.0,,,,,,,,,,,,,,,,,
Mexico,Portugal,0,0,FT,0.52,1.4,0.04,0.23,0.55,1.39,7,10,7.0,27.0,94.0,183.0,2.0,1.0,0.23,0.04,2026-06-02 13:31:17,0.0742857142857142,0.1399999999999999,-0.48,-1.17,0.23,0.04,17,8,-9.0,,,,,,,,,,,,,,,,,
Mexico,Iceland,4,0,FT,4.67,0.8,4.22,0.4,1.65,0.27,24,4,44.0,6.0,176.0,45.0,6.0,1.0,0.4,0.22,2026-06-02 13:32:14,0.1945833333333333,0.2,-0.4500000000000002,-0.4,0.4,0.2199999999999997,17,37,20.0,,,,,,,,,,,,,,,,,
South Africa,Nicaragua,0,0,FT,2.18,0.07,0.48,0.0,1.48,0.04,22,3,26.0,1.0,275.0,6.0,6.0,0.0,0.0,0.48,2026-06-02 13:33:10,0.0990909090909091,0.0233333333333333,-1.7000000000000002,-0.07,0.0,0.48,59,100,41.0,,,,,,,,,,,,,,,,,
South Africa,Panama,1,2,FT,0.33,0.99,0.56,1.64,0.52,1.01,7,11,9.0,14.0,79.0,66.0,3.0,1.0,-0.36,-0.44,2026-06-02 13:33:52,0.0471428571428571,0.09,0.23,0.6499999999999999,-0.3600000000000001,-0.4399999999999999,59,37,-22.0,,,,,,,,,,,,,,,,,
South Africa,Cameroon,1,2,FT,2.08,1.36,2.14,1.65,1.76,0.72,18,10,28.0,16.0,128.0,69.0,6.0,2.0,-0.35,1.14,2026-06-02 13:37:39,0.1155555555555555,0.136,0.06,0.2899999999999998,-0.3500000000000001,1.14,59,45,-14.0,,,,,,,,,,,,,,,,,
Zimbabwe,South Africa,2,3,FT,1.28,1.51,1.08,2.34,1.0,1.0,10,16,24.0,25.0,91.0,122.0,2.0,2.0,-0.66,0.08,2026-06-02 13:38:55,0.128,0.094375,-0.1999999999999999,0.8299999999999998,-0.6600000000000001,-0.92,100,59,-41.0,,,,,,,,,,,,,,,,,
South Korea,Trinidad & Tobago,5,0,FT,3.76,0.07,4.9,0.01,2.89,0.07,19,2,34.0,3.0,176.0,15.0,6.0,1.0,0.01,-0.1,2026-06-02 23:30:52,0.1978947368421052,0.035,1.1400000000000006,-0.06,0.01,-0.0999999999999996,59,100,41.0,,,,,,,,,,,,,,,,,
South Korea,Ghana,1,0,FT,1.23,0.49,1.59,0.02,0.72,0.34,7,12,16.0,11.0,76.0,63.0,1.0,8.0,0.02,0.59,2026-06-02 23:37:28,0.1757142857142857,0.0408333333333333,0.3600000000000001,-0.47,0.02,0.5900000000000001,59,70,11.0,,,,,,,,,,,,,,,,,
South Korea,Bolivia,2,0,FT,1.55,0.24,2.06,0.61,0.74,0.12,12,6,22.0,8.0,123.0,61.0,5.0,1.0,0.61,0.06,2026-06-02 23:38:36,0.1291666666666666,0.04,0.51,0.37,0.61,0.06,59,100,41.0,,,,,,,,,,,,,,,,,
Czech Republic,Kosovo,2,1,FT,0.0,0.0,0.0,0.0,,,12,9,,,,,2.0,2.0,,,2026-06-02 23:40:26,0.0,0.0,0.0,0.0,-1.0,-2.0,23,100,77.0,,,,,,,,,,,,,,,,,
Czech Republic,Đan Mạch,3,2,FT,1.23,1.35,1.42,1.92,0.69,2.59,9,22,13.0,38.0,94.0,324.0,2.0,7.0,-0.08,-0.58,2026-06-02 23:41:03,0.1366666666666666,0.0613636363636363,0.1899999999999999,0.5699999999999998,-0.08,-1.58,23,100,77.0,,,,,,,,,,,,,,,,,
Czech Republic,Ireland,3,2,KẾT THÚC LUÂN LƯU,1.45,1.28,1.88,1.51,0.92,0.68,12,10,28.0,27.0,141.0,121.0,4.0,2.0,0.51,-0.12,2026-06-02 23:45:43,0.1208333333333333,0.128,0.4299999999999999,0.2299999999999999,-0.49,-1.12,23,22,-1.0,,,,,,,,,,,,,,,,,
Czech Republic,Gibraltar,6,0,FT,4.29,0.0,4.93,0.0,2.86,0.08,25,0,52.0,1.0,179.0,29.0,4.0,0.0,0.0,-1.07,2026-06-02 23:46:28,0.1716,0.0,0.6399999999999997,0.0,0.0,-1.0700000000000005,23,100,77.0,,,,,,,,,,,,,,,,,
Quần đảo Faroe,Czech Republic,2,1,FT,0.68,1.67,1.42,0.2,0.47,1.94,6,14,16.0,39.0,74.0,184.0,2.0,7.0,-0.8,-0.58,2026-06-02 23:47:11,0.1133333333333333,0.1192857142857142,0.7399999999999999,-1.47,-0.8,-0.5800000000000001,100,23,-77.0,,,,,,,,,,,,,,,,,
Czech Republic,Croatia,0,0,KẾT THÚC,0.63,0.77,0.43,0.09,0.73,0.68,11,10,21.0,18.0,73.0,61.0,4.0,4.0,0.09,0.43,2026-06-02 23:47:38,0.0572727272727272,0.077,-0.2,-0.68,0.09,0.43,23,12,-11.0,,,,,,,,,,,,,,,,,
Canada,Uzbekistan,2,0,FT,0.83,0.99,1.33,0.83,0.77,0.15,10,6,26.0,15.0,132.0,88.0,3.0,1.0,0.83,-0.67,2026-06-02 23:48:21,0.0829999999999999,0.165,0.5000000000000001,-0.16,0.83,-0.6699999999999999,38,60,22.0,,,,,,,,,,,,,,,,,
Canada,Iceland,2,2,FT,2.33,0.68,1.93,1.85,0.76,0.16,15,4,29.0,6.0,124.0,19.0,4.0,0.0,-0.15,-0.07,2026-06-02 23:49:09,0.1553333333333333,0.17,-0.4000000000000001,1.17,-0.1499999999999999,-0.07,38,37,-1.0,,,,,,,,,,,,,,,,,
Canada,Guatemala,1,0,FT,1.12,0.15,2.38,0.15,0.48,0.14,14,6,21.0,5.0,130.0,47.0,3.0,2.0,0.15,1.38,2026-06-02 23:49:55,0.08,0.0249999999999999,1.2599999999999998,0.0,0.15,1.38,38,100,62.0,,,,,,,,,,,,,,,,,
Canada,Venezuela,2,0,KẾT THÚC,0.53,1.15,0.17,1.63,0.4,0.31,10,8,11.0,14.0,67.0,107.0,0.0,1.0,-0.37,0.17,2026-06-02 23:50:29,0.053,0.14375,-0.36,0.48,1.63,-1.83,38,100,62.0,,,,,,,,,,,,,,,,,
Bosnia-Herzegovina,Italy,2,1,FT,1.91,0.86,1.27,1.01,1.83,0.72,30,9,54.0,18.0,272.0,123.0,7.0,2.0,0.01,0.27,2026-06-02 23:51:52,0.0636666666666666,0.0955555555555555,-0.6399999999999999,0.15,0.01,-0.73,75,12,-63.0,,,,,,,,,,,,,,,,,
Wales,Bosnia-Herzegovina,1,2,FT,1.34,1.1,0.57,1.98,1.4,1.25,19,14,35.0,23.0,202.0,135.0,7.0,5.0,0.95,-0.43,2026-06-02 23:52:18,0.0705263157894736,0.0785714285714285,-0.7700000000000001,0.8799999999999999,-0.02,-0.43,31,75,44.0,,,,,,,,,,,,,,,,,
Bosnia-Herzegovina,Romania,3,1,KẾT THÚC,1.79,1.5,2.16,0.53,1.27,0.61,16,9,24.0,14.0,122.0,75.0,4.0,1.0,-0.47,-0.84,2026-06-02 23:54:08,0.111875,0.1666666666666666,0.3700000000000001,-0.97,-0.47,-0.8399999999999999,75,42,-33.0,,,,,,,,,,,,,,,,,
Đảo Síp,Bosnia-Herzegovina,2,2,KẾT THÚC,2.15,1.5,1.9,0.93,0.82,0.57,14,14,24.0,33.0,126.0,101.0,4.0,3.0,-0.07,-0.1,2026-06-02 23:55:02,0.1535714285714285,0.1071428571428571,-0.25,-0.57,-1.0699999999999998,-0.1,100,75,-25.0,,,,,,,,,,,,,,,,,
South Africa,Nicaragua,0,0,KẾT THÚC,2.18,0.07,0.48,0.0,1.48,0.04,22,3,26.0,1.0,319.0,21.0,6.0,0.0,0.0,0.48,2026-06-02 23:56:02,0.0990909090909091,0.0233333333333333,-1.7000000000000002,-0.07,0.0,0.48,59,100,41.0,,,,,,,,,,,,,,,,,
South Africa,Panama,1,2,KẾT THÚC,0.33,0.99,0.56,1.64,0.52,1.01,7,11,9.0,14.0,79.0,66.0,3.0,1.0,-0.36,-0.44,2026-06-02 23:56:27,0.0471428571428571,0.09,0.23,0.6499999999999999,-0.3600000000000001,-0.4399999999999999,59,37,-22.0,,,,,,,,,,,,,,,,,
Switzerland,Jordan,4,1,KẾT THÚC,3.97,1.39,3.19,1.25,1.83,1.0,19,12,29.0,18.0,156.0,71.0,1.0,3.0,0.25,-0.81,2026-06-02 23:58:06,0.2089473684210526,0.1158333333333333,-0.7800000000000002,-0.1399999999999999,0.25,-0.81,15,68,53.0,,,,,,,,,,,,,,,,,
Kosovo,Switzerland,1,1,KẾT THÚC,0.6,0.92,0.57,0.66,0.81,0.59,11,6,18.0,13.0,130.0,119.0,4.0,1.0,-0.34,-0.43,2026-06-03 00:00:16,0.0545454545454545,0.1533333333333333,-0.03,-0.26,-0.3399999999999999,-0.43,100,15,-85.0,,,,,,,,,,,,,,,,,
Slovenia,Switzerland,0,0,FT,0.41,0.63,0.0,0.38,0.31,0.73,4,11,14.0,23.0,73.0,210.0,2.0,5.0,0.38,0.0,2026-06-03 00:01:17,0.1025,0.0572727272727272,-0.41,-0.25,0.38,0.0,50,15,-35.0,,,,,,,,,,,,,,,,,
Ireland,Qatar,1,0,KẾT THÚC,1.9,0.4,1.22,0.42,1.35,0.42,11,8,22.0,13.0,114.0,76.0,3.0,1.0,0.42,0.22,2026-06-03 00:01:45,0.1727272727272727,0.05,-0.6799999999999999,0.0199999999999999,0.42,0.2199999999999999,22,44,22.0,,,,,,,,,,,,,,,,,
Qatar,Tunisia,0,3,FT,0.6,2.53,0.63,3.42,0.6,0.85,12,13,23.0,20.0,128.0,78.0,3.0,3.0,0.42,0.63,2026-06-03 00:02:09,0.0499999999999999,0.1946153846153846,0.03,0.8900000000000001,0.4199999999999999,0.63,44,36,-8.0,,,,,,,,,,,,,,,,,
Qatar,Palestine,0,1,KẾT THÚC,0.55,0.98,0.2,0.21,0.71,0.96,10,8,18.0,16.0,93.0,82.0,2.0,4.0,0.21,0.2,2026-06-03 00:02:33,0.055,0.1225,-0.35,-0.77,-0.79,0.2,44,100,56.0,,,,,,,,,,,,,,,,,
Syria,Qatar,1,1,KẾT THÚC,1.46,1.67,0.17,0.99,1.0,1.53,6,17,8.0,42.0,59.0,156.0,2.0,3.0,-0.01,-0.83,2026-06-03 00:03:01,0.2433333333333333,0.098235294117647,-1.29,-0.6799999999999999,-0.01,-0.83,29,44,15.0,,,,,,,,,,,,,,,,,
Qatar,Zimbabwe,1,2,KẾT THÚC,0.67,0.48,1.66,0.52,0.65,0.25,8,7,17.0,13.0,75.0,69.0,1.0,1.0,-1.48,0.66,2026-06-03 00:04:11,0.08375,0.0685714285714285,0.99,0.04,-1.48,0.6599999999999999,44,100,56.0,,,,,,,,,,,,,,,,,
Qatar,United Arab Emirates,2,1,KẾT THÚC,0.54,0.89,1.61,1.56,0.49,1.14,7,15,9.0,17.0,65.0,105.0,1.0,2.0,0.56,-0.39,2026-06-03 00:04:48,0.0771428571428571,0.0593333333333333,1.07,0.67,0.56,-0.3899999999999999,44,16,-28.0,,,,,,,,,,,,,,,,,
Scotland,Đan Mạch,4,2,KẾT THÚC,1.76,2.19,2.19,2.37,0.43,1.63,10,18,14.0,40.0,60.0,201.0,3.0,7.0,0.37,-1.81,2026-06-04 15:53:59,0.176,0.1216666666666666,0.4299999999999999,0.1800000000000001,0.3700000000000001,-1.81,52,100,48.0,,,,,,,,,,,,,,,,,
Hy Lạp,Scotland,3,2,KẾT THÚC,1.93,2.36,2.32,2.34,0.8,1.72,18,12,24.0,36.0,95.0,108.0,4.0,2.0,0.34,-0.68,2026-06-04 15:54:29,0.1072222222222222,0.1966666666666666,0.3899999999999999,-0.02,0.3399999999999998,-0.6800000000000002,100,52,-48.0,,,,,,,,,,,,,,,,,
Scotland,Belarus,2,1,FT,1.23,1.28,1.73,0.9,1.03,0.62,12,22,32.0,28.0,125.0,100.0,1.0,11.0,-0.1,-0.27,2026-06-04 15:55:00,0.1025,0.0581818181818181,0.5,-0.38,-0.0999999999999999,-0.27,52,100,48.0,,,,,,,,,,,,,,,,,
Brazil,Panama,6,2,FT,3.58,0.58,5.52,1.1,1.75,0.35,20,16,39.0,11.0,122.0,92.0,2.0,3.0,0.1,-0.48,2026-06-04 15:57:39,0.179,0.03625,1.9399999999999995,0.5200000000000001,-0.8999999999999999,-0.4800000000000004,5,37,32.0,,,,,,,,,,,,,,,,,
Brazil,Croatia,3,1,FT,2.18,0.96,2.55,0.47,0.94,0.66,13,12,17.0,13.0,73.0,109.0,5.0,4.0,-0.53,-0.45,2026-06-04 15:58:00,0.1676923076923077,0.08,0.3699999999999996,-0.49,-0.53,-0.4500000000000002,5,12,7.0,,,,,,,,,,,,,,,,,
Brazil,Tunisia,1,1,FT,2.69,0.58,1.47,0.28,0.69,0.13,21,7,34.0,6.0,160.0,38.0,8.0,3.0,-0.72,0.47,2026-06-04 15:59:01,0.1280952380952381,0.0828571428571428,-1.22,-0.2999999999999999,-0.72,0.47,5,36,31.0,,,,,,,,,,,,,,,,,
Brazil,Senegal,2,0,FT,1.67,0.8,2.17,0.04,1.37,0.85,14,11,26.0,22.0,102.0,110.0,4.0,4.0,0.04,0.17,2026-06-04 15:59:21,0.1192857142857142,0.0727272727272727,0.5,-0.76,0.04,0.1699999999999999,5,21,16.0,,,,,,,,,,,,,,,,,
South Korea,Brazil,0,5,FT,0.15,3.0,0.04,3.4,0.18,1.49,4,14,7.0,21.0,89.0,156.0,3.0,3.0,-1.6,0.04,2026-06-04 16:00:05,0.0375,0.2142857142857142,-0.1099999999999999,0.3999999999999999,-1.6,0.04,59,5,-54.0,,,,,,,,,,,,,,,,,
Haiti,Nicaragua,2,0,FT,1.65,0.4,1.35,0.43,1.73,0.58,9,9,35.0,10.0,113.0,112.0,1.0,2.0,0.43,-0.65,2026-06-04 16:01:15,0.1833333333333333,0.0444444444444444,-0.2999999999999998,0.0299999999999999,0.43,-0.6499999999999999,86,100,14.0,,,,,,,,,,,,,,,,,
Haiti,Costa Rica,1,0,FT,1.33,1.21,1.38,2.22,0.82,0.89,8,14,17.0,29.0,94.0,135.0,2.0,6.0,2.22,0.38,2026-06-04 16:01:39,0.16625,0.0864285714285714,0.0499999999999998,1.0100000000000002,2.22,0.3799999999999999,86,48,-38.0,,,,,,,,,,,,,,,,,
Honduras,Haiti,3,0,KẾT THÚC,1.85,0.42,3.22,0.11,0.89,0.95,18,12,20.0,16.0,99.0,105.0,2.0,5.0,0.11,0.22,2026-06-04 16:02:07,0.1027777777777777,0.0349999999999999,1.37,-0.31,0.11,0.2200000000000002,100,86,-14.0,,,,,,,,,,,,,,,,,
Nicaragua,Haiti,0,3,KẾT THÚC,0.61,0.97,0.04,1.78,0.84,1.08,12,10,21.0,12.0,112.0,107.0,4.0,2.0,-1.22,0.04,2026-06-04 16:02:28,0.0508333333333333,0.097,-0.57,0.81,-1.22,0.04,100,86,-14.0,,,,,,,,,,,,,,,,,
Costa Rica,Haiti,3,3,FT,2.06,2.01,2.13,3.43,1.74,0.75,24,11,31.0,20.0,141.0,92.0,6.0,1.0,0.43,-0.87,2026-06-04 16:02:57,0.0858333333333333,0.1827272727272727,0.0699999999999998,1.4200000000000004,0.4300000000000001,-0.8700000000000001,48,86,38.0,,,,,,,,,,,,,,,,,
Haiti,Honduras,0,0,KẾT THÚC,1.04,1.03,1.1,0.86,0.99,0.93,15,14,28.0,19.0,96.0,98.0,3.0,3.0,0.86,1.1,2026-06-04 16:03:22,0.0693333333333333,0.0735714285714285,0.06,-0.17,0.86,1.1,86,100,14.0,,,,,,,,,,,,,,,,,
Haiti,Tunisia,0,1,KẾT THÚC,0.0,0.0,0.0,0.0,,,9,7,,,,,,,,,2026-06-04 16:03:40,0.0,0.0,0.0,0.0,-1.0,0.0,86,36,-50.0,,,,,,,,,,,,,,,,,
Haiti,Iceland,1,1,KẾT THÚC,0.0,0.0,0.0,0.0,,,9,4,,,,,,,,,2026-06-04 16:04:22,0.0,0.0,0.0,0.0,-1.0,-1.0,86,37,-49.0,,,,,,,,,,,,,,,,,
Morocco,Madagascar,4,0,FT,3.6,0.25,4.82,0.2,1.85,0.08,20,2,61.0,1.0,282.0,43.0,6.0,1.0,0.2,0.82,2026-06-04 16:10:09,0.18,0.125,1.2200000000000002,-0.0499999999999999,0.2,0.8200000000000003,14,100,86.0,,,,,,,,,,,,,,,,,
Nigeria,Morocco,0,0,FT,0.08,0.86,0.1,0.84,0.54,1.08,2,16,11.0,20.0,105.0,161.0,0.0,4.0,0.84,0.1,2026-06-04 17:44:04,0.04,0.05375,0.02,-0.02,0.84,0.1,35,14,-21.0,,,,,,,,,,,,,,,,,
Cameroon,Morocco,0,2,FT,0.46,1.43,0.0,2.37,0.56,0.32,5,9,12.0,16.0,86.0,84.0,2.0,3.0,0.37,0.0,2026-06-04 17:44:29,0.092,0.1588888888888888,-0.46,0.9400000000000002,0.3700000000000001,0.0,45,14,-31.0,,,,,,,,,,,,,,,,,
Morocco,Tanzania,1,0,FT,1.01,0.73,0.5,0.06,1.11,0.5,12,4,27.0,6.0,145.0,19.0,2.0,1.0,0.06,-0.5,2026-06-04 17:44:51,0.0841666666666666,0.1825,-0.51,-0.6699999999999999,0.06,-0.5,14,100,86.0,,,,,,,,,,,,,,,,,
Turkey,Bắc Macedonia,4,0,FT,2.67,0.87,2.3,0.37,1.61,0.24,19,5,33.0,9.0,186.0,68.0,5.0,1.0,0.37,-1.7,2026-06-04 17:45:40,0.1405263157894737,0.174,-0.3700000000000001,-0.5,0.37,-1.7000000000000002,26,100,74.0,,,,,,,,,,,,,,,,,
Kosovo,Turkey,0,1,FT,0.88,1.77,0.8,1.17,0.31,0.95,11,12,20.0,23.0,111.0,130.0,4.0,6.0,0.17,0.8,2026-06-04 17:46:07,0.08,0.1475,-0.0799999999999999,-0.6000000000000001,0.1699999999999999,0.8,100,26,-74.0,,,,,,,,,,,,,,,,,
Turkey,Romania,1,0,FT,1.4,0.47,0.51,0.0,0.08,0.17,16,6,24.0,13.0,210.0,53.0,4.0,3.0,0.0,-0.49,2026-06-04 17:46:33,0.0875,0.0783333333333333,-0.8899999999999999,-0.47,0.0,-0.49,26,42,16.0,,,,,,,,,,,,,,,,,
Turkey,Bulgaria,2,0,FT,2.56,0.39,1.97,0.8,1.56,0.16,19,9,33.0,18.0,189.0,71.0,3.0,5.0,0.8,0.97,2026-06-04 17:47:40,0.1347368421052631,0.0433333333333333,-0.5900000000000001,0.41,0.8,-0.03,26,36,10.0,,,,,,,,,,,,,,,,,
Turkey,Georgia,4,1,FT,1.95,1.06,2.15,0.61,1.19,0.89,10,12,21.0,19.0,116.0,114.0,1.0,6.0,-0.39,-1.85,2026-06-04 17:48:03,0.195,0.0883333333333333,0.1999999999999999,-0.45,-0.39,-1.85,26,29,3.0,,,,,,,,,,,,,,,,,
Bulgaria,Turkey,1,6,FT,0.4,1.77,0.83,3.2,0.13,1.75,4,18,9.0,27.0,61.0,224.0,0.0,4.0,-1.8,-0.17,2026-06-04 17:48:33,0.1,0.0983333333333333,0.4299999999999999,1.4300000000000002,-2.8,-0.17,36,26,-10.0,,,,,,,,,,,,,,,,,
Georgia,Turkey,2,3,FT,1.14,0.73,1.19,2.04,1.38,0.9,15,6,35.0,9.0,126.0,66.0,2.0,2.0,-0.96,-0.81,2026-06-04 17:49:21,0.076,0.1216666666666666,0.05,1.31,-0.96,-0.81,29,26,-3.0,,,,,,,,,,,,,,,,,
Morocco,Paraguay,2,1,FT,1.11,0.91,2.54,1.47,0.56,0.66,6,11,11.0,20.0,124.0,83.0,0.0,1.0,0.47,0.54,2026-06-04 17:50:13,0.185,0.0827272727272727,1.43,0.5599999999999999,0.47,0.54,14,57,43.0,,,,,,,,,,,,,,,,,
Hy Lạp,Paraguay,0,1,FT,0.0,0.0,0.0,0.0,,,14,9,,,,,2.0,2.0,,,2026-06-04 17:51:21,0.0,0.0,0.0,0.0,-1.0,0.0,100,57,-43.0,,,,,,,,,,,,,,,,,
Mexico,Paraguay,1,2,FT,2.07,1.75,1.6,2.5,1.12,1.48,9,14,17.0,18.0,106.0,85.0,2.0,2.0,0.5,0.6,2026-06-04 17:51:46,0.2299999999999999,0.125,-0.4699999999999997,0.75,0.5,0.6000000000000001,17,57,40.0,,,,,,,,,,,,,,,,,
South Korea,Paraguay,2,0,FT,2.04,1.66,2.41,0.73,0.87,0.38,8,10,11.0,18.0,132.0,74.0,1.0,2.0,0.73,0.41,2026-06-04 17:52:52,0.255,0.1659999999999999,0.3700000000000001,-0.93,0.73,0.4100000000000001,59,57,-2.0,,,,,,,,,,,,,,,,,
United States,Portugal,0,2,FT,0.68,0.73,0.59,2.48,0.51,0.65,12,11,18.0,12.0,89.0,148.0,3.0,1.0,0.48,0.59,2026-06-04 17:54:39,0.0566666666666666,0.0663636363636363,-0.09,1.75,0.48,0.59,69,8,-61.0,,,,,,,,,,,,,,,,,
United States,South Korea,0,2,FT,2.23,0.74,2.2,2.07,1.85,1.17,17,5,38.0,17.0,199.0,80.0,5.0,0.0,0.07,2.2,2026-06-04 17:57:19,0.1311764705882352,0.148,-0.0299999999999998,1.3299999999999998,0.0699999999999998,2.2,69,59,-10.0,,,,,,,,,,,,,,,,,
Mexico,Australia,1,0,FT,0.59,0.56,0.79,0.12,0.63,0.55,13,7,11.0,13.0,92.0,81.0,8.0,3.0,0.12,-0.21,2026-06-04 17:57:58,0.0453846153846153,0.08,0.2,-0.44,0.12,-0.2099999999999999,17,25,8.0,,,,,,,,,,,,,,,,,
Australia,Cameroon,1,0,FT,1.59,0.26,1.69,0.08,0.39,0.29,8,7,14.0,7.0,52.0,38.0,1.0,3.0,0.08,0.69,2026-06-04 17:58:41,0.19875,0.0371428571428571,0.0999999999999998,-0.18,0.08,0.69,25,45,20.0,,,,,,,,,,,,,,,,,
Colombia,Australia,3,0,FT,1.84,0.13,3.13,0.18,0.82,0.04,16,2,28.0,1.0,165.0,43.0,5.0,0.0,0.18,0.13,2026-06-04 17:59:06,0.115,0.065,1.2899999999999998,0.0499999999999999,0.18,0.1299999999999999,9,25,16.0,,,,,,,,,,,,,,,,,
Venezuela,Australia,1,0,FT,1.17,0.68,2.01,0.38,0.73,0.64,10,9,15.0,14.0,140.0,60.0,1.0,2.0,0.38,1.01,2026-06-04 17:59:35,0.1169999999999999,0.0755555555555555,0.8399999999999999,-0.3,0.38,1.0099999999999998,100,25,-75.0,,,,,,,,,,,,,,,,,
United States,Australia,2,1,FT,1.32,0.69,1.87,1.27,1.53,0.31,11,9,21.0,8.0,131.0,79.0,1.0,4.0,0.27,-0.13,2026-06-04 17:59:58,0.12,0.0766666666666666,0.55,0.5800000000000001,0.27,-0.1299999999999999,69,25,-44.0,,,,,,,,,,,,,,,,,
Canada,Australia,0,1,KẾT THÚC,1.76,0.56,2.54,0.15,1.97,0.97,17,5,27.0,13.0,187.0,34.0,3.0,1.0,-0.85,2.54,2026-06-04 18:00:24,0.1035294117647058,0.112,0.78,-0.41,-0.85,2.54,38,25,-13.0,,,,,,,,,,,,,,,,,
New Zealand,Australia,1,3,KẾT THÚC,1.21,0.81,2.18,1.71,0.67,0.39,8,13,16.0,12.0,125.0,64.0,2.0,2.0,-1.29,1.18,2026-06-04 18:00:47,0.15125,0.0623076923076923,0.9700000000000002,0.8999999999999999,-1.29,1.1800000000000002,95,25,-70.0,,,,,,,,,,,,,,,,,
Australia,New Zealand,1,0,FT,0.34,0.62,1.23,1.54,0.53,0.44,7,9,14.0,16.0,77.0,125.0,1.0,1.0,1.54,0.23,2026-06-04 18:01:22,0.0485714285714285,0.0688888888888888,0.8899999999999999,0.92,1.54,0.2299999999999999,25,95,70.0,,,,,,,,,,,,,,,,,
Germany,Phần Lan,4,0,KẾT THÚC,3.77,0.4,5.81,0.0,3.34,0.13,22,8,53.0,12.0,261.0,60.0,3.0,5.0,0.0,1.81,2026-06-04 18:03:54,0.1713636363636363,0.05,2.04,-0.4,0.0,1.81,13,100,87.0,,,,,,,,,,,,,,,,,
Germany,Ghana,2,1,KẾT THÚC,2.9,0.56,2.25,0.94,2.9,0.68,23,6,60.0,12.0,256.0,45.0,7.0,2.0,-0.06,0.24,2026-06-04 18:04:48,0.1260869565217391,0.0933333333333333,-0.6499999999999999,0.3799999999999999,-0.06,0.25,13,70,57.0,,,,,,,,,,,,,,,,,
Switzerland,Germany,3,4,FT,0.59,2.63,1.05,3.06,0.62,1.81,7,22,13.0,40.0,80.0,202.0,2.0,7.0,-0.94,-1.95,2026-06-04 18:05:10,0.0842857142857142,0.1195454545454545,0.4600000000000001,0.4300000000000001,-0.94,-1.95,15,13,-2.0,,,,,,,,,,,,,,,,,
Germany,Slovakia,6,0,FT,4.02,0.39,5.73,0.9,3.57,0.17,22,6,51.0,6.0,297.0,19.0,5.0,2.0,0.9,-0.27,2026-06-04 18:05:35,0.1827272727272727,0.065,1.7100000000000009,0.51,0.9,-0.2699999999999996,13,49,36.0,,,,,,,,,,,,,,,,,
Luxembourg,Germany,0,2,FT,0.8,1.65,0.06,3.35,0.96,1.52,7,14,14.0,25.0,83.0,123.0,2.0,3.0,1.35,0.06,2026-06-04 18:06:01,0.1142857142857143,0.1178571428571428,-0.74,1.7000000000000002,1.35,0.06,100,13,-87.0,,,,,,,,,,,,,,,,,
Bắc Ireland,Germany,0,1,KẾT THÚC,0.6,1.12,0.4,0.87,0.22,0.86,12,11,13.0,22.0,94.0,137.0,4.0,4.0,-0.13,0.4,2026-06-04 18:06:29,0.0499999999999999,0.1018181818181818,-0.1999999999999999,-0.2500000000000001,-0.13,0.4,100,13,-87.0,,,,,,,,,,,,,,,,,
Germany,Luxembourg,4,0,KẾT THÚC,3.86,0.01,2.6,0.13,3.71,0.03,31,1,63.0,1.0,467.0,33.0,6.0,0.0,0.13,-1.4,2026-06-04 18:06:48,0.124516129032258,0.01,-1.2599999999999998,0.12,0.13,-1.4,13,100,87.0,,,,,,,,,,,,,,,,,
Germany,Bắc Ireland,3,1,FT,2.61,0.28,2.58,0.62,1.37,0.15,11,3,23.0,6.0,133.0,64.0,2.0,0.0,-0.38,-0.42,2026-06-04 18:07:08,0.2372727272727272,0.0933333333333333,-0.0299999999999998,0.3399999999999999,-0.38,-0.4199999999999999,13,100,87.0,,,,,,,,,,,,,,,,,
Slovakia,Germany,2,0,KẾT THÚC,1.28,1.74,1.87,1.04,0.94,1.5,8,14,18.0,33.0,59.0,165.0,2.0,4.0,1.04,-0.13,2026-06-04 18:07:37,0.16,0.1242857142857142,0.5900000000000001,-0.7,1.04,-0.1299999999999999,49,13,-36.0,,,,,,,,,,,,,,,,,
Morocco,Ecuador,1,1,FT,1.37,0.49,1.5,0.59,0.71,0.52,12,8,17.0,18.0,87.0,74.0,5.0,1.0,-0.41,0.5,2026-06-04 18:08:51,0.1141666666666666,0.06125,0.1299999999999999,0.0999999999999999,-0.41,0.5,14,27,13.0,,,,,,,,,,,,,,,,,
Canada,Ecuador,0,0,KẾT THÚC,0.66,0.42,0.63,0.0,0.39,0.75,4,5,10.0,15.0,57.0,112.0,2.0,1.0,0.0,0.63,2026-06-04 18:09:35,0.165,0.0839999999999999,-0.03,-0.42,0.0,0.63,38,27,-11.0,,,,,,,,,,,,,,,,,
Mexico,Ecuador,1,1,KẾT THÚC,1.34,1.06,0.48,1.16,1.05,0.18,13,7,22.0,12.0,89.0,58.0,3.0,0.0,0.16,-0.52,2026-06-04 18:10:00,0.103076923076923,0.1514285714285714,-0.8600000000000001,0.0999999999999998,0.1599999999999999,-0.52,17,27,10.0,,,,,,,,,,,,,,,,,
United States,Ecuador,1,1,KẾT THÚC,1.09,0.49,2.22,1.69,1.41,0.24,11,8,25.0,10.0,127.0,63.0,4.0,2.0,0.69,1.22,2026-06-04 18:10:17,0.0990909090909091,0.06125,1.13,1.2,0.69,1.2200000000000002,69,27,-42.0,,,,,,,,,,,,,,,,,
Scotland,Ivory Coast,0,1,FT,0.92,2.01,0.83,1.44,1.39,1.48,14,12,22.0,15.0,121.0,79.0,4.0,4.0,0.44,0.22,2026-06-04 18:12:01,0.0657142857142857,0.1674999999999999,-0.09,-0.5699999999999998,0.4399999999999999,0.83,52,100,48.0,,,,,,,,,,,,,,,,,
South Korea,Ivory Coast,0,4,KẾT THÚC,1.07,3.22,0.34,3.38,0.72,0.95,12,13,23.0,22.0,123.0,97.0,3.0,4.0,-0.62,0.34,2026-06-04 18:12:26,0.0891666666666666,0.2476923076923077,-0.73,0.1599999999999997,-0.6200000000000001,0.34,59,100,41.0,,,,,,,,,,,,,,,,,
Ivory Coast,Burkina Faso,3,0,KẾT THÚC,2.02,0.41,1.68,0.23,0.76,0.43,21,8,33.0,13.0,100.0,97.0,5.0,2.0,0.23,-1.32,2026-06-04 18:13:08,0.0961904761904761,0.05125,-0.3400000000000001,-0.1799999999999999,0.23,-1.32,100,100,0.0,,,,,,,,,,,,,,,,,
Gabon,Ivory Coast,2,3,FT,0.87,1.84,1.29,2.48,0.33,1.69,9,21,9.0,36.0,57.0,121.0,1.0,6.0,-0.52,-0.71,2026-06-04 18:13:33,0.0966666666666666,0.0876190476190476,0.42,0.6399999999999999,-0.52,-0.71,100,100,0.0,,,,,,,,,,,,,,,,,
Ivory Coast,Cameroon,1,1,KẾT THÚC,0.98,0.62,1.26,0.38,1.3,0.56,13,12,22.0,18.0,86.0,76.0,5.0,3.0,0.38,0.26,2026-06-04 18:14:01,0.0753846153846153,0.0516666666666666,0.28,-0.24,-0.62,0.26,100,45,-55.0,,,,,,,,,,,,,,,,,
Ivory Coast,Mozambique,1,0,KẾT THÚC,1.3,0.24,1.17,0.29,0.96,0.23,15,5,28.0,9.0,131.0,67.0,3.0,2.0,0.29,0.17,2026-06-04 18:14:32,0.0866666666666666,0.048,-0.1300000000000001,0.0499999999999999,0.29,0.1699999999999999,100,100,0.0,,,,,,,,,,,,,,,,,
Scotland,Curacao,4,1,KẾT THÚC,1.99,0.71,4.18,1.14,2.35,0.53,18,9,39.0,11.0,209.0,55.0,2.0,2.0,0.14,0.18,2026-06-04 18:15:09,0.1105555555555555,0.0788888888888888,2.1899999999999995,0.4299999999999999,0.1399999999999999,0.1799999999999997,52,88,36.0,,,,,,,,,,,,,,,,,
Australia,Curacao,5,1,KẾT THÚC,1.55,0.67,2.21,1.04,0.87,0.26,11,7,15.0,12.0,84.0,86.0,1.0,2.0,0.04,-2.79,2026-06-04 18:15:31,0.1409090909090909,0.0957142857142857,0.6599999999999999,0.37,0.04,-2.79,25,88,63.0,,,,,,,,,,,,,,,,,
Trung Quốc,Curacao,2,0,KẾT THÚC,0.67,0.34,1.54,0.07,0.93,0.43,11,8,20.0,16.0,103.0,139.0,4.0,3.0,0.07,-0.46,2026-06-04 18:15:50,0.0609090909090909,0.0425,0.87,-0.27,0.07,-0.4599999999999999,100,88,-12.0,,,,,,,,,,,,,,,,,
Jamaica,Curacao,0,0,FT,1.04,0.84,0.25,0.37,0.55,0.38,13,16,23.0,23.0,99.0,89.0,3.0,5.0,0.37,0.25,2026-06-04 18:16:15,0.08,0.0525,-0.79,-0.47,0.37,0.25,100,88,-12.0,,,,,,,,,,,,,,,,,
Bermuda,Curacao,0,7,KẾT THÚC,0.14,3.68,0.03,4.65,0.32,1.02,5,27,8.0,32.0,63.0,153.0,1.0,5.0,-2.35,0.03,2026-06-04 18:16:35,0.028,0.1362962962962963,-0.11,0.9700000000000002,-2.35,0.03,100,88,-12.0,,,,,,,,,,,,,,,,,
Curacao,Trinidad & Tobago,1,1,FT,0.83,1.86,0.85,1.09,0.84,0.52,9,16,13.0,17.0,70.0,96.0,3.0,5.0,0.09,-0.15,2026-06-04 18:16:57,0.0922222222222222,0.11625,0.02,-0.77,0.09,-0.15,88,100,12.0,,,,,,,,,,,,,,,,,
Curacao,Jamaica,2,0,FT,0.42,1.3,0.51,0.83,0.3,0.94,7,18,9.0,32.0,96.0,155.0,1.0,1.0,0.83,-1.49,2026-06-04 18:17:20,0.06,0.0722222222222222,0.09,-0.4700000000000001,0.83,-1.49,88,100,12.0,,,,,,,,,,,,,,,,,
Curacao,Bermuda,3,2,FT,2.85,1.08,2.82,1.59,1.95,0.67,22,6,53.0,7.0,201.0,51.0,7.0,1.0,-0.41,-0.18,2026-06-04 18:17:40,0.1295454545454545,0.18,-0.0300000000000002,0.51,-0.4099999999999999,-0.1800000000000001,88,100,12.0,,,,,,,,,,,,,,,,,
Trinidad & Tobago,Curacao,0,0,KẾT THÚC,0.55,0.19,0.26,0.58,0.35,0.23,13,5,27.0,9.0,97.0,98.0,2.0,1.0,0.58,0.26,2026-06-04 18:18:01,0.0423076923076923,0.038,-0.29,0.3899999999999999,0.58,0.26,100,88,-12.0,,,,,,,,,,,,,,,,,
Sweden,Ba Lan,3,2,FT,1.65,1.53,2.62,1.89,0.98,1.95,9,15,21.0,31.0,80.0,132.0,2.0,5.0,-0.11,-0.38,2026-06-04 19:05:26,0.1833333333333333,0.102,0.9700000000000002,0.3599999999999999,-0.1100000000000001,-0.3799999999999999,28,100,72.0,,,,,,,,,,,,,,,,,
Ukraine,Sweden,1,3,FT,0.76,2.38,1.47,2.78,0.72,0.88,10,10,21.0,16.0,134.0,88.0,1.0,2.0,-0.22,0.47,2026-06-04 19:05:45,0.076,0.238,0.71,0.3999999999999999,-0.2200000000000002,0.47,24,28,4.0,,,,,,,,,,,,,,,,,
Sweden,Slovenia,1,1,KẾT THÚC,0.64,2.13,0.29,1.17,0.47,1.03,11,17,17.0,22.0,114.0,103.0,4.0,10.0,0.17,-0.71,2026-06-04 19:06:07,0.0581818181818181,0.1252941176470588,-0.35,-0.96,0.1699999999999999,-0.71,28,50,22.0,,,,,,,,,,,,,,,,,
Sweden,Kosovo,0,1,KẾT THÚC,1.14,1.15,0.55,1.08,1.63,0.37,13,7,44.0,10.0,281.0,76.0,3.0,0.0,0.08,0.55,2026-06-04 19:06:34,0.0876923076923076,0.1642857142857142,-0.5899999999999999,-0.0699999999999998,0.08,0.55,28,100,72.0,,,,,,,,,,,,,,,,,
Switzerland,Sweden,4,1,FT,1.71,0.65,2.72,0.87,0.63,0.31,9,6,19.0,9.0,122.0,69.0,0.0,0.0,-0.13,-1.28,2026-06-04 19:07:02,0.19,0.1083333333333333,1.0100000000000002,0.2199999999999999,-0.13,-1.2799999999999998,15,28,13.0,,,,,,,,,,,,,,,,,
Sweden,Switzerland,0,2,FT,0.91,2.14,0.0,1.48,1.31,1.5,7,17,17.0,22.0,90.0,188.0,1.0,4.0,-0.52,0.0,2026-06-04 19:07:37,0.13,0.1258823529411764,-0.91,-0.6600000000000001,-0.52,0.0,28,15,-13.0,,,,,,,,,,,,,,,,,
Kosovo,Sweden,2,0,FT,1.49,0.95,1.78,0.53,1.1,1.14,11,14,17.0,34.0,100.0,227.0,1.0,4.0,0.53,-0.22,2026-06-04 19:08:03,0.1354545454545454,0.0678571428571428,0.29,-0.4199999999999999,0.53,-0.2199999999999999,100,28,-72.0,,,,,,,,,,,,,,,,,
Slovenia,Sweden,2,2,FT,0.75,1.31,1.1,1.17,0.5,0.83,9,6,14.0,25.0,82.0,212.0,3.0,0.0,-0.83,-0.9,2026-06-04 19:08:44,0.0833333333333333,0.2183333333333333,0.3500000000000001,-0.1400000000000001,-0.8300000000000001,-0.8999999999999999,50,28,-22.0,,,,,,,,,,,,,,,,,
Netherlands,Algeria,0,1,FT,2.19,0.48,1.62,0.5,1.5,1.0,17,8,26.0,12.0,163.0,100.0,6.0,4.0,-0.5,1.62,2026-06-04 19:09:18,0.1288235294117647,0.06,-0.5699999999999998,0.02,-0.5,1.62,7,41,34.0,,,,,,,,,,,,,,,,,
Netherlands,Ecuador,1,1,FT,0.13,1.58,0.03,1.64,0.17,1.18,2,16,4.0,26.0,29.0,211.0,1.0,6.0,0.64,0.03,2026-06-04 19:09:41,0.065,0.09875,-0.1,0.0599999999999998,0.6399999999999999,-0.97,7,27,20.0,,,,,,,,,,,,,,,,,
Netherlands,Lithuania,4,0,KẾT THÚC,3.16,0.67,3.54,0.06,2.35,0.43,20,9,54.0,7.0,210.0,45.0,4.0,3.0,0.06,-0.46,2026-06-04 19:10:29,0.158,0.0744444444444444,0.3799999999999999,-0.6100000000000001,0.06,-0.4599999999999999,7,100,93.0,,,,,,,,,,,,,,,,,
Ba Lan,Netherlands,1,1,FT,1.58,0.81,1.25,0.98,1.46,1.56,12,8,22.0,24.0,75.0,197.0,5.0,1.0,-0.02,0.25,2026-06-04 19:10:47,0.1316666666666666,0.10125,-0.33,0.1699999999999999,-0.02,0.25,100,7,-93.0,,,,,,,,,,,,,,,,,
Netherlands,Phần Lan,4,0,FT,2.51,0.64,2.45,0.21,2.26,0.55,17,7,47.0,6.0,217.0,58.0,6.0,1.0,0.21,-1.52,2026-06-04 19:11:12,0.1476470588235294,0.0914285714285714,-0.0599999999999996,-0.43,0.21,-1.5499999999999998,7,100,93.0,,,,,,,,,,,,,,,,,
Malta,Netherlands,0,4,FT,0.36,3.4,0.0,3.71,0.2,1.72,7,22,8.0,58.0,55.0,137.0,4.0,7.0,-0.29,0.0,2026-06-04 19:11:36,0.0514285714285714,0.1545454545454545,-0.36,0.31,-0.29,0.0,47,7,-40.0,,,,,,,,,,,,,,,,,
Lithuania,Netherlands,2,3,FT,0.34,1.12,1.18,2.65,0.26,1.61,4,14,16.0,44.0,54.0,259.0,1.0,3.0,-0.35,-0.82,2026-06-04 19:12:03,0.085,0.08,0.8399999999999999,1.5299999999999998,-0.3500000000000001,-0.8200000000000001,100,7,-93.0,,,,,,,,,,,,,,,,,
Netherlands,Ba Lan,1,1,KẾT THÚC,1.24,0.3,1.48,0.64,1.38,0.3,14,6,36.0,14.0,197.0,42.0,5.0,1.0,-0.36,0.48,2026-06-04 19:12:34,0.0885714285714285,0.0499999999999999,0.24,0.34,-0.36,0.48,7,100,93.0,,,,,,,,,,,,,,,,,
Netherlands,Malta,8,0,FT,4.52,0.16,3.66,0.03,3.23,0.1,27,5,70.0,7.0,242.0,55.0,7.0,1.0,0.03,-4.34,2026-06-04 19:12:59,0.1674074074074074,0.032,-0.8599999999999994,-0.13,0.03,-4.34,7,47,40.0,,,,,,,,,,,,,,,,,
Phần Lan,Netherlands,0,2,FT,0.2,2.15,0.08,2.23,0.25,1.53,5,17,19.0,33.0,74.0,233.0,2.0,3.0,0.23,0.08,2026-06-04 19:13:19,0.04,0.1264705882352941,-0.12,0.08,0.2299999999999999,0.08,100,7,-93.0,,,,,,,,,,,,,,,,,
Canada,Tunisia,0,0,FT,0.88,0.29,0.6,0.4,1.18,0.33,14,5,38.0,7.0,162.0,55.0,2.0,1.0,0.4,0.6,2026-06-04 19:14:55,0.0628571428571428,0.0579999999999999,-0.28,0.11,0.4,0.6,38,36,-2.0,,,,,,,,,,,,,,,,,
Mali,Tunisia,1,1,FT,1.15,1.11,0.83,1.25,0.15,1.26,8,13,10.0,22.0,28.0,145.0,2.0,2.0,0.25,-0.17,2026-06-04 19:15:29,0.14375,0.0853846153846153,-0.3199999999999999,0.1399999999999999,0.25,-0.17,47,36,-11.0,,,,,,,,,,,,,,,,,
Tanzania,Tunisia,1,1,FT,0.18,1.0,0.2,1.17,0.18,0.59,6,6,3.0,16.0,64.0,106.0,0.0,1.0,0.17,-0.8,2026-06-04 19:15:58,0.03,0.1666666666666666,0.02,0.1699999999999999,0.1699999999999999,-0.8,100,36,-64.0,,,,,,,,,,,,,,,,,
Nigeria,Tunisia,3,2,FT,2.12,1.07,1.71,1.51,1.83,1.37,15,8,26.0,23.0,105.0,86.0,3.0,1.0,-0.49,-1.29,2026-06-04 19:16:20,0.1413333333333333,0.13375,-0.4100000000000001,0.4399999999999999,-0.49,-1.29,35,36,1.0,,,,,,,,,,,,,,,,,
Tunisia,Uganda,3,1,FT,1.43,0.55,2.97,0.76,0.94,0.13,15,9,38.0,10.0,131.0,77.0,3.0,3.0,-0.24,-0.03,2026-06-04 19:16:41,0.0953333333333333,0.0611111111111111,1.5400000000000005,0.2099999999999999,-0.24,-0.0299999999999998,36,43,7.0,,,,,,,,,,,,,,,,,
Japan,Iceland,1,0,FT,1.03,0.34,2.06,0.15,0.87,0.2,15,9,24.0,7.0,180.0,52.0,5.0,2.0,0.15,1.06,2026-06-04 19:17:42,0.0686666666666666,0.0377777777777777,1.03,-0.19,0.15,1.06,16,37,21.0,,,,,,,,,,,,,,,,,
England,Japan,0,1,FT,0.89,0.58,0.46,0.95,1.0,0.57,19,7,33.0,15.0,198.0,45.0,10.0,2.0,-0.05,0.46,2026-06-04 19:18:08,0.0468421052631578,0.0828571428571428,-0.43,0.37,-0.05,0.46,4,16,12.0,,,,,,,,,,,,,,,,,
Scotland,Japan,0,1,KẾT THÚC,0.89,2.13,0.44,0.88,0.54,1.31,8,18,10.0,32.0,55.0,137.0,1.0,3.0,-0.12,0.44,2026-06-04 19:18:27,0.11125,0.1183333333333333,-0.45,-1.25,-0.12,0.44,52,16,-36.0,,,,,,,,,,,,,,,,,
Japan,Bolivia,3,0,FT,1.71,0.36,2.57,0.0,0.79,0.08,8,12,17.0,6.0,63.0,32.0,0.0,5.0,0.0,-0.43,2026-06-04 19:20:08,0.21375,0.03,0.8599999999999999,-0.36,0.0,-0.4300000000000001,16,100,84.0,,,,,,,,,,,,,,,,,
Japan,Ghana,2,0,FT,1.0,0.36,0.91,0.12,0.79,0.3,14,7,20.0,5.0,121.0,55.0,1.0,3.0,0.12,-1.09,2026-06-04 19:20:25,0.0714285714285714,0.0514285714285714,-0.0899999999999999,-0.24,0.12,-1.09,16,70,54.0,,,,,,,,,,,,,,,,,
Japan,Brazil,3,2,FT,2.37,1.27,2.35,0.79,1.62,1.67,15,9,26.0,25.0,126.0,170.0,7.0,2.0,-1.21,-0.65,2026-06-04 19:20:47,0.158,0.1411111111111111,-0.02,-0.48,-1.21,-0.6499999999999999,16,5,-11.0,,,,,,,,,,,,,,,,,
Japan,Paraguay,2,2,FT,1.42,1.03,1.62,0.45,1.13,0.6,11,7,23.0,10.0,149.0,46.0,1.0,2.0,-1.55,-0.38,2026-06-04 19:21:25,0.1290909090909091,0.1471428571428571,0.2000000000000001,-0.5800000000000001,-1.55,-0.3799999999999999,16,57,41.0,,,,,,,,,,,,,,,,,
United States,Japan,2,0,FT,1.97,1.08,3.18,1.55,1.34,1.42,19,11,41.0,26.0,136.0,123.0,4.0,1.0,1.55,1.18,2026-06-04 19:21:47,0.1036842105263157,0.0981818181818181,1.2100000000000002,0.47,1.55,1.1800000000000002,69,16,-53.0,,,,,,,,,,,,,,,,,
Mexico,Japan,0,0,KẾT THÚC,0.48,0.81,0.12,0.19,0.67,1.02,8,9,14.0,14.0,69.0,115.0,4.0,3.0,0.19,0.12,2026-06-04 19:22:18,0.06,0.09,-0.36,-0.6200000000000001,0.19,0.12,17,16,-1.0,,,,,,,,,,,,,,,,,
Croatia,Belgium,0,2,FT,1.18,0.92,0.42,0.61,1.29,0.74,5,8,13.0,19.0,114.0,94.0,1.0,1.0,-1.39,0.42,2026-06-04 19:23:39,0.236,0.115,-0.76,-0.31,-1.39,0.42,12,6,-6.0,,,,,,,,,,,,,,,,,
Mexico,Belgium,1,1,FT,0.9,0.29,1.06,0.75,0.46,0.46,10,5,19.0,10.0,109.0,113.0,4.0,1.0,-0.25,0.06,2026-06-04 19:24:00,0.09,0.0579999999999999,0.16,0.46,-0.25,0.06,17,6,-11.0,,,,,,,,,,,,,,,,,
United States,Belgium,2,5,FT,1.33,2.34,2.39,4.04,0.85,0.71,12,21,27.0,38.0,84.0,90.0,1.0,7.0,-0.96,0.39,2026-06-04 19:24:27,0.1108333333333333,0.1114285714285714,1.06,1.7000000000000002,-0.96,0.3900000000000001,69,6,-63.0,,,,,,,,,,,,,,,,,
BI,Liechtenstein,7,0,FT,3.07,0.04,3.99,0.57,2.63,0.03,23,2,70.0,2.0,288.0,12.0,5.0,0.0,0.57,-3.01,2026-06-04 19:24:52,0.1334782608695652,0.02,0.9200000000000004,0.5299999999999999,0.57,-3.01,100,100,0.0,,,,,,,,,,,,,,,,,
Kazakhstan,BI,1,1,FT,0.34,2.87,1.08,2.56,0.07,3.31,9,20,12.0,69.0,56.0,289.0,3.0,4.0,1.56,0.08,2026-06-04 19:25:22,0.0377777777777777,0.1435,0.74,-0.31,1.56,0.08,100,100,0.0,,,,,,,,,,,,,,,,,
Wales,Belgium,2,4,FT,0.86,3.09,0.82,2.43,1.24,0.95,9,16,21.0,36.0,128.0,113.0,3.0,4.0,-1.57,-1.18,2026-06-04 19:25:53,0.0955555555555555,0.193125,-0.04,-0.6599999999999997,-1.5699999999999998,-1.1800000000000002,31,6,-25.0,,,,,,,,,,,,,,,,,
Belgium,Bắc Macedonia,0,0,FT,3.2,0.06,1.24,0.0,3.27,0.06,25,3,84.0,5.0,269.0,24.0,12.0,2.0,0.0,1.24,2026-06-04 19:26:16,0.128,0.02,-1.96,-0.06,0.0,1.24,6,100,94.0,,,,,,,,,,,,,,,,,
Belgium,Kazakhstan,6,0,FT,3.62,0.23,4.2,0.24,3.29,0.13,35,5,85.0,6.0,239.0,20.0,10.0,2.0,0.24,-1.8,2026-06-04 19:26:39,0.1034285714285714,0.046,0.5800000000000001,0.0099999999999999,0.24,-1.7999999999999998,6,100,94.0,,,,,,,,,,,,,,,,,
Liechtenstein,Belgium,0,6,KẾT THÚC,0.0,3.13,0.0,3.97,0.02,2.68,0,24,3.0,65.0,38.0,333.0,0.0,6.0,-2.03,0.0,2026-06-04 19:27:06,0.0,0.1304166666666666,0.0,0.8400000000000003,-2.03,0.0,100,6,-94.0,,,,,,,,,,,,,,,,,
Belgium,Wales,4,3,KẾT THÚC,2.89,2.25,2.3,2.6,1.15,1.21,18,12,41.0,20.0,133.0,96.0,8.0,3.0,-0.4,-1.7,2026-06-04 19:27:33,0.1605555555555555,0.1875,-0.5900000000000003,0.3500000000000001,-0.3999999999999999,-1.7000000000000002,6,31,25.0,,,,,,,,,,,,,,,,,
Bắc Macedonia,Belgium,1,1,FT,1.29,2.11,0.54,1.2,0.19,1.9,7,17,22.0,40.0,52.0,186.0,2.0,7.0,0.2,-0.46,2026-06-04 19:28:10,0.1842857142857143,0.1241176470588235,-0.75,-0.91,0.1999999999999999,-0.4599999999999999,100,6,-94.0,,,,,,,,,,,,,,,,,
Egypt,Zimbabwe,2,1,FT,2.93,0.35,2.37,0.93,2.43,0.14,35,8,50.0,14.0,225.0,63.0,10.0,1.0,-0.07,0.37,2026-06-04 19:28:41,0.0837142857142857,0.04375,-0.56,0.5800000000000001,-0.0699999999999999,0.3700000000000001,31,100,69.0,,,,,,,,,,,,,,,,,
Egypt,South Africa,1,0,KẾT THÚC,1.02,0.75,0.97,1.39,0.26,1.4,6,18,8.0,24.0,65.0,170.0,1.0,3.0,1.39,-0.03,2026-06-04 19:29:11,0.17,0.0416666666666666,-0.05,0.6399999999999999,1.39,-0.03,31,59,28.0,,,,,,,,,,,,,,,,,
Angola,Egypt,0,0,KẾT THÚC,0.76,0.62,0.25,0.26,0.31,0.26,16,5,23.0,13.0,111.0,102.0,2.0,0.0,0.26,0.25,2026-06-04 19:29:53,0.0475,0.124,-0.51,-0.36,0.26,0.25,4,31,27.0,,,,,,,,,,,,,,,,,
Egypt,Benin,3,1,KẾT THÚC HIỆP PHỤ,1.19,1.22,0.93,1.25,0.98,0.39,12,8,28.0,19.0,183.0,141.0,2.0,4.0,0.25,-2.07,2026-06-04 19:30:19,0.0991666666666666,0.1525,-0.2599999999999999,0.03,0.25,-2.07,31,100,69.0,,,,,,,,,,,,,,,,,
Egypt,Ivory Coast,3,2,KẾT THÚC,0.78,1.17,1.64,1.47,0.72,1.57,6,13,8.0,25.0,41.0,160.0,1.0,6.0,0.47,-1.36,2026-06-04 19:30:39,0.13,0.09,0.8599999999999999,0.3,-0.53,-1.36,31,100,69.0,,,,,,,,,,,,,,,,,
Egypt,Nigeria,0,0,Sau 90 phút (PEN: 2-4),0.29,0.2,0.19,0.67,0.59,0.87,5,5,12.0,16.0,109.0,109.0,2.0,1.0,-0.33,0.19,2026-06-04 19:31:38,0.0579999999999999,0.04,-0.0999999999999999,0.47,0.67,0.19,31,35,4.0,,,,,,,,,,,,,,,,,
Egypt,Nga,1,0,KẾT THÚC,1.12,0.52,0.9,0.1,1.09,0.39,11,8,17.0,15.0,97.0,90.0,1.0,3.0,0.1,-0.1,2026-06-04 19:32:35,0.1018181818181818,0.065,-0.22,-0.42,0.1,-0.0999999999999999,31,35,4.0,,,,,,,,,,,,,,,,,
Nga,Iran,2,1,KẾT THÚC,1.29,1.18,0.88,1.17,0.94,1.06,14,8,30.0,13.0,157.0,76.0,5.0,1.0,0.17,-1.12,2026-06-04 19:33:18,0.0921428571428571,0.1475,-0.41,-0.01,0.1699999999999999,-1.12,35,55,20.0,,,,,,,,,,,,,,,,,
Costa Rica,Iran,0,5,KẾT THÚC,0.0,0.0,0.0,0.0,,,5,9,,,,,,,,,2026-06-04 19:34:01,0.0,0.0,0.0,0.0,-5.0,0.0,48,55,7.0,,,,,,,,,,,,,,,,,
New Zealand,Chilê,4,1,KẾT THÚC,2.27,0.59,2.4,1.15,1.36,0.28,12,5,18.0,8.0,91.0,46.0,4.0,0.0,0.15,-1.6,2026-06-04 19:35:07,0.1891666666666666,0.118,0.1299999999999999,0.5599999999999999,0.1499999999999999,-1.6,95,32,-63.0,,,,,,,,,,,,,,,,,
New Zealand,Phần Lan,0,2,KẾT THÚC,0.32,0.72,0.04,1.21,0.14,0.32,11,10,12.0,16.0,88.0,84.0,2.0,2.0,-0.79,0.04,2026-06-04 19:35:25,0.029090909090909,0.072,-0.28,0.49,-0.79,0.04,95,100,5.0,,,,,,,,,,,,,,,,,
Ecuador,New Zealand,2,0,KẾT THÚC,2.69,0.46,2.57,0.47,1.16,0.18,24,10,34.0,6.0,190.0,61.0,8.0,5.0,0.47,0.57,2026-06-04 19:35:46,0.1120833333333333,0.046,-0.1200000000000001,0.0099999999999999,0.47,0.5699999999999998,27,95,68.0,,,,,,,,,,,,,,,,,
Colombia,New Zealand,2,1,KẾT THÚC,1.9,0.55,1.7,0.61,1.75,0.79,22,10,26.0,15.0,163.0,73.0,6.0,4.0,-0.39,-0.3,2026-06-04 19:36:20,0.0863636363636363,0.055,-0.1999999999999999,0.0599999999999999,-0.39,-0.3,9,95,86.0,,,,,,,,,,,,,,,,,
Ba Lan,New Zealand,1,0,KẾT THÚC,0.0,0.0,0.0,0.0,,,15,11,,,,,6.0,3.0,,,2026-06-04 19:37:37,0.0,0.0,0.0,0.0,0.0,-1.0,100,95,-5.0,,,,,,,,,,,,,,,,,
New Zealand,Ukraine,1,2,KẾT THÚC,0.0,0.0,0.0,0.0,,,4,17,,,,,,,9.0,2.0,2026-06-04 19:38:02,0.0,0.0,0.0,0.0,-2.0,-1.0,95,24,-71.0,,,,,,,,,,,,,,,,,
New Zealand,Ivory Coast,1,0,KẾT THÚC,0.0,0.0,0.0,0.0,,,2,13,,,,,,,4.0,0.0,2026-06-04 19:38:20,0.0,0.0,0.0,0.0,0.0,-1.0,95,100,5.0,,,,,,,,,,,,,,,,,
Bulgaria,Spain,0,3,FT,0.1,3.51,0.0,3.78,0.07,2.49,3,24,3.0,55.0,53.0,360.0,2.0,7.0,0.78,0.0,2026-06-05 16:45:33,0.0333333333333333,0.14625,-0.1,0.27,0.7799999999999998,0.0,36,3,-33.0,,,,,,,,,,,,,,,,,
Turkey,Spain,0,6,FT,0.54,2.76,0.37,3.2,0.54,2.49,11,21,25.0,40.0,132.0,150.0,8.0,5.0,-2.8,0.37,2026-06-05 16:45:56,0.049090909090909,0.1314285714285714,-0.17,0.4400000000000004,-2.8,0.37,26,3,-23.0,,,,,,,,,,,,,,,,,
Spain,Georgia,2,0,KẾT THÚC,3.83,0.01,2.53,0.04,2.5,0.03,24,1,46.0,0.0,251.0,42.0,5.0,0.0,0.04,0.53,2026-06-05 16:46:15,0.1595833333333333,0.01,-1.3000000000000005,0.03,0.04,0.5299999999999998,3,29,26.0,,,,,,,,,,,,,,,,,
Spain,Bulgaria,4,0,KẾT THÚC,3.96,0.38,2.64,0.0,2.97,0.24,33,3,66.0,2.0,367.0,40.0,10.0,0.0,0.0,-0.36,2026-06-05 16:46:35,0.12,0.1266666666666666,-1.3199999999999998,-0.38,0.0,-1.36,3,36,33.0,,,,,,,,,,,,,,,,,
Georgia,Spain,0,4,KẾT THÚC,0.28,3.52,0.11,4.04,0.41,2.75,6,14,18.0,34.0,82.0,176.0,1.0,4.0,0.04,0.11,2026-06-05 16:46:54,0.0466666666666666,0.2514285714285714,-0.17,0.52,0.04,0.11,29,3,-26.0,,,,,,,,,,,,,,,,,
Spain,Turkey,2,2,KẾT THÚC,2.58,1.14,2.28,1.74,1.59,0.38,21,13,41.0,16.0,275.0,77.0,5.0,5.0,-0.26,0.28,2026-06-05 16:47:14,0.1228571428571428,0.0876923076923076,-0.3000000000000002,0.6000000000000001,-0.26,0.2799999999999998,3,26,23.0,,,,,,,,,,,,,,,,,
Spain,Serbia,3,0,KẾT THÚC,1.34,0.11,1.78,0.06,1.27,0.38,14,2,37.0,11.0,235.0,53.0,2.0,0.0,0.06,-1.22,2026-06-05 16:47:31,0.0957142857142857,0.055,0.4399999999999999,-0.05,0.06,-1.22,3,29,26.0,,,,,,,,,,,,,,,,,
Spain,Egypt,0,0,FT,2.5,0.15,1.73,0.09,2.14,0.06,25,4,49.0,1.0,236.0,43.0,11.0,1.0,0.09,1.73,2026-06-05 16:47:46,0.1,0.0375,-0.77,-0.06,0.09,1.73,3,31,28.0,,,,,,,,,,,,,,,,,
Spain,Iraq,1,1,KẾT THÚC,1.36,0.16,0.76,0.32,1.28,0.07,13,3,25.0,5.0,157.0,60.0,3.0,0.0,-0.68,-0.24,2026-06-05 16:48:10,0.1046153846153846,0.0533333333333333,-0.6000000000000001,0.16,-0.6799999999999999,-0.24,3,55,52.0,,,,,,,,,,,,,,,,,
Uruguay,Cộng hòa Dominican,1,0,KẾT THÚC,0.48,0.27,0.22,0.16,0.48,0.25,11,7,13.0,13.0,155.0,72.0,4.0,0.0,0.16,-0.78,2026-06-05 16:48:54,0.0436363636363636,0.0385714285714285,-0.26,-0.11,0.16,-0.78,11,100,89.0,,,,,,,,,,,,,,,,,
Uzbekistan,Uruguay,1,2,FT,0.73,1.96,1.51,1.94,0.58,0.95,7,13,16.0,17.0,84.0,122.0,3.0,5.0,-0.06,0.51,2026-06-05 16:49:15,0.1042857142857142,0.1507692307692307,0.78,-0.02,-0.06,0.51,60,11,-49.0,,,,,,,,,,,,,,,,,
Mexico,Uruguay,0,0,FT,0.49,0.08,0.19,0.08,0.3,0.21,10,3,11.0,3.0,68.0,79.0,2.0,0.0,0.08,0.19,2026-06-05 16:49:33,0.049,0.0266666666666666,-0.3,0.0,0.08,0.19,17,11,-6.0,,,,,,,,,,,,,,,,,
United States,Uruguay,5,1,KẾT THÚC,0.74,0.59,3.09,0.39,0.88,0.65,10,9,20.0,14.0,98.0,78.0,3.0,4.0,-0.61,-1.91,2026-06-05 16:49:51,0.074,0.0655555555555555,2.35,-0.1999999999999999,-0.61,-1.91,69,11,-58.0,,,,,,,,,,,,,,,,,
England,Uruguay,1,1,FT,1.86,1.28,2.04,0.84,0.98,0.88,13,9,29.0,12.0,127.0,80.0,5.0,4.0,-0.16,1.04,2026-06-05 16:50:21,0.143076923076923,0.1422222222222222,0.1799999999999999,-0.44,-0.16,1.04,4,11,7.0,,,,,,,,,,,,,,,,,
Algeria,Uruguay,0,0,FT,0.45,0.98,0.0,0.05,0.41,1.05,7,11,13.0,20.0,78.0,93.0,1.0,2.0,0.05,0.0,2026-06-05 16:50:41,0.0642857142857143,0.0890909090909091,-0.45,-0.93,0.05,0.0,41,11,-30.0,,,,,,,,,,,,,,,,,
Cape Verde,Phần Lan,1,1,SAU 90 PHÚT,0.9,1.27,0.74,1.36,0.86,0.54,15,13,26.0,25.0,98.0,88.0,4.0,1.0,0.36,-0.26,2026-06-05 16:51:45,0.06,0.0976923076923076,-0.16,0.09,0.3600000000000001,-0.26,65,100,35.0,,,,,,,,,,,,,,,,,
Chiliê,Cape Verde,4,2,KẾT THÚC,2.37,1.73,3.62,1.0,0.73,1.01,9,9,20.0,12.0,93.0,48.0,1.0,2.0,-1.0,-0.38,2026-06-05 16:52:12,0.2633333333333333,0.1922222222222222,1.25,-0.73,-1.0,-0.3799999999999999,32,65,33.0,,,,,,,,,,,,,,,,,
Cape Verde,Cameroon,1,0,KẾT THÚC,0.0,0.0,0.0,0.0,,,9,8,,,,,,,2.0,3.0,2026-06-05 16:52:46,0.0,0.0,0.0,0.0,0.0,-1.0,65,45,-20.0,,,,,,,,,,,,,,,,,
Libya,Cape Verde,3,3,KẾT THÚC,0.0,0.0,0.0,0.0,,,10,9,,,,,,,,,2026-06-05 16:53:04,0.0,0.0,0.0,0.0,-3.0,-3.0,100,65,-35.0,,,,,,,,,,,,,,,,,
Cape Verde,Eswatini,3,0,FT,0.0,0.0,0.0,0.0,,,12,3,,,,,,,,,2026-06-05 16:55:54,0.0,0.0,0.0,0.0,0.0,-3.0,65,100,35.0,,,,,,,,,,,,,,,,,
Cape Verde,Serbia,3,0,FT,0.0,0.0,0.0,0.0,,,9,10,,,,,,,,,2026-06-05 16:56:29,0.0,0.0,0.0,0.0,0.0,-3.0,65,29,-36.0,,,,,,,,,,,,,,,,,
Saudi Arabia,Oman,2,1,FT,2.22,0.47,1.96,0.87,1.84,0.3,14,6,26.0,11.0,172.0,83.0,3.0,1.0,-0.13,-0.04,2026-06-05 16:57:02,0.1585714285714285,0.0783333333333333,-0.2600000000000002,0.4,-0.13,-0.04,56,100,44.0,,,,,,,,,,,,,,,,,
Comoros,Saudi Arabia,1,3,FT,1.29,2.78,0.41,1.94,0.9,1.56,6,18,5.0,41.0,70.0,140.0,1.0,5.0,-1.06,-0.59,2026-06-05 16:58:09,0.215,0.1544444444444444,-0.8800000000000001,-0.8399999999999999,-1.06,-0.5900000000000001,100,56,-44.0,,,,,,,,,,,,,,,,,
Morocco,Saudi Arabia,1,0,FT,0.62,2.13,0.6,0.1,1.12,1.21,4,12,12.0,23.0,60.0,136.0,0.0,1.0,0.1,-0.4,2026-06-05 16:59:34,0.155,0.1775,-0.02,-2.03,0.1,-0.4,14,56,42.0,,,,,,,,,,,,,,,,,
Palestine,Saudi Arabia,1,2,FT,0.4,1.88,0.77,2.22,0.2,1.41,8,14,8.0,24.0,50.0,117.0,1.0,5.0,0.22,-0.23,2026-06-05 17:01:54,0.05,0.1342857142857142,0.37,0.3400000000000003,0.2200000000000002,-0.2299999999999999,100,56,-44.0,,,,,,,,,,,,,,,,,
À Rập Saudi,Jordan,0,1,FT,0.95,0.66,0.33,1.3,1.02,0.33,8,6,21.0,9.0,143.0,71.0,1.0,1.0,0.3,0.33,2026-06-05 17:02:32,0.11875,0.11,-0.6199999999999999,0.64,0.3,0.33,100,68,-32.0,,,,,,,,,,,,,,,,,
Saudi Arabia,Egypt,0,4,FT,0.39,1.22,0.0,2.8,0.27,0.89,7,13,13.0,22.0,100.0,61.0,4.0,3.0,-1.2,0.0,2026-06-05 17:03:03,0.0557142857142857,0.0938461538461538,-0.39,1.5799999999999998,-1.2000000000000002,0.0,56,31,-25.0,,,,,,,,,,,,,,,,,
Serbia,Saudi Arabia,2,1,KẾT THÚC,2.22,1.44,2.96,0.99,1.76,0.89,23,3,54.0,11.0,172.0,51.0,7.0,0.0,-0.01,0.96,2026-06-05 17:04:56,0.0965217391304348,0.48,0.7399999999999998,-0.4499999999999999,-0.01,0.96,29,56,27.0,,,,,,,,,,,,,,,,,
Ecuador,Saudi Arabia,2,1,FT,1.42,1.21,2.33,0.59,0.64,0.86,11,12,11.0,19.0,72.0,120.0,1.0,2.0,-0.41,0.33,2026-06-05 17:05:41,0.1290909090909091,0.1008333333333333,0.91,-0.62,-0.41,0.33,27,56,29.0,,,,,,,,,,,,,,,,,
Ukraine,France,0,2,FT,1.34,2.42,0.33,2.94,0.42,1.79,8,16,11.0,29.0,74.0,184.0,1.0,4.0,0.94,0.33,2026-06-05 17:09:23,0.1675,0.15125,-1.01,0.52,0.94,0.33,24,2,-22.0,,,,,,,,,,,,,,,,,
France,Iceland,2,1,FT,3.0,0.67,3.03,0.42,2.11,0.24,20,7,47.0,8.0,289.0,94.0,4.0,1.0,-0.58,1.03,2026-06-05 17:10:03,0.15,0.0957142857142857,0.0299999999999998,-0.25,-0.5800000000000001,1.0299999999999998,2,37,35.0,,,,,,,,,,,,,,,,,
France,Azerbaijan,3,0,FT,2.4,0.04,2.14,0.0,2.38,0.07,33,1,68.0,1.0,287.0,16.0,11.0,0.0,0.0,-0.86,2026-06-05 17:10:25,0.0727272727272727,0.04,-0.2599999999999998,-0.04,0.0,-0.8599999999999999,2,29,27.0,,,,,,,,,,,,,,,,,
Iceland,France,2,2,FT,1.11,1.97,1.71,2.6,0.4,1.8,4,20,8.0,33.0,56.0,252.0,1.0,3.0,0.6,-0.29,2026-06-05 17:11:17,0.2775,0.0985,0.5999999999999999,0.6300000000000001,0.6000000000000001,-0.29,37,2,-35.0,,,,,,,,,,,,,,,,,
France,Ukraine,4,0,FT,3.81,0.04,4.43,0.0,2.72,0.08,25,1,48.0,2.0,325.0,40.0,7.0,1.0,0.0,0.43,2026-06-05 17:11:44,0.1524,0.04,0.6199999999999997,-0.04,0.0,0.4299999999999997,2,24,22.0,,,,,,,,,,,,,,,,,
Azerbaijan,France,1,3,FT,0.15,2.7,0.16,2.09,0.26,3.63,2,17,4.0,45.0,65.0,195.0,0.0,8.0,0.09,-0.84,2026-06-05 17:12:52,0.075,0.1588235294117647,0.01,-0.6100000000000003,-0.91,-0.84,29,2,-27.0,,,,,,,,,,,,,,,,,
Brazil,France,1,2,KẾT THÚC,2.0,1.29,0.98,1.05,1.77,1.32,17,7,30.0,25.0,123.0,132.0,4.0,0.0,-0.95,-0.02,2026-06-05 17:16:58,0.1176470588235294,0.1842857142857143,-1.02,-0.24,-0.95,-0.02,5,2,-3.0,,,,,,,,,,,,,,,,,
Colombia,France,1,3,FT,1.19,1.3,1.5,1.32,0.97,0.63,13,14,31.0,24.0,96.0,103.0,5.0,5.0,-1.68,0.5,2026-06-05 17:17:49,0.0915384615384615,0.0928571428571428,0.31,0.02,-1.68,0.5,9,2,-7.0,,,,,,,,,,,,,,,,,
France,Ivory Coast,1,2,FT,0.88,1.31,1.44,2.31,1.52,0.63,15,7,39.0,13.0,188.0,62.0,3.0,0.0,0.31,0.44,2026-06-05 17:18:56,0.0586666666666666,0.1871428571428571,0.5599999999999999,1.0,0.31,0.4399999999999999,2,40,38.0,,,,,,,,,,,,,,,,,
Norway,Moldova,11,1,KẾT THÚC,9.57,0.09,9.94,0.0,5.9,0.16,34,2,81.0,6.0,268.0,65.0,9.0,1.0,0.0,-0.06,2026-06-05 17:19:52,0.2814705882352941,0.045,0.3699999999999992,-0.09,-1.0,-1.0600000000000005,47,100,53.0,,,,,,,,,,,,,,,,,
Norway,Israel,5,0,KẾT THÚC,2.26,0.15,1.58,0.02,1.87,0.23,16,4,37.0,5.0,112.0,84.0,5.0,1.0,0.02,-1.42,2026-06-05 17:23:31,0.14125,0.0375,-0.6799999999999997,-0.13,0.02,-3.42,47,22,-25.0,,,,,,,,,,,,,,,,,
Norway,New Zealand,1,1,KẾT THÚC,1.23,1.46,1.65,1.47,0.95,0.88,23,9,45.0,12.0,164.0,59.0,12.0,1.0,0.47,0.65,2026-06-05 17:24:08,0.0534782608695652,0.1622222222222222,0.4199999999999999,0.01,0.47,0.6499999999999999,47,95,48.0,,,,,,,,,,,,,,,,,
Norway,Estonia,4,1,KẾT THÚC,2.03,0.71,3.49,1.25,2.06,0.1,18,6,44.0,10.0,192.0,63.0,6.0,2.0,0.25,-0.51,2026-06-05 17:24:33,0.1127777777777777,0.1183333333333333,1.4600000000000004,0.54,0.25,-0.5099999999999998,47,100,53.0,,,,,,,,,,,,,,,,,
Ý,Norway,1,4,FT,1.3,1.59,1.8,2.33,1.24,1.07,15,13,20.0,26.0,134.0,91.0,5.0,0.0,-1.67,0.8,2026-06-05 17:25:08,0.0866666666666666,0.1223076923076923,0.5,0.74,-1.67,0.8,100,47,-53.0,,,,,,,,,,,,,,,,,
Netherlands,Norway,2,1,FT,2.07,0.83,1.97,1.07,1.4,0.78,14,5,28.0,23.0,169.0,106.0,5.0,1.0,0.07,-0.03,2026-06-05 17:25:56,0.1478571428571428,0.1659999999999999,-0.0999999999999998,0.2400000000000001,0.07,-0.03,7,47,40.0,,,,,,,,,,,,,,,,,
Norway,Switzerland,0,0,KẾT THÚC,0.51,0.74,0.02,0.08,1.77,0.71,5,10,17.0,20.0,61.0,133.0,2.0,3.0,0.08,0.02,2026-06-05 17:26:30,0.102,0.074,-0.49,-0.66,0.08,0.02,47,15,-32.0,,,,,,,,,,,,,,,,,
Norway,Sweden,3,1,FT,2.73,0.49,2.86,0.56,2.08,0.2,22,9,50.0,14.0,167.0,76.0,7.0,2.0,-0.05,-0.18,2026-06-05 17:27:20,0.124090909090909,0.0544444444444444,0.1299999999999999,0.07,-0.4399999999999999,-0.1400000000000001,47,28,-19.0,,,,,,,,,,,,,,,,,
Senegal,Sudan,3,1,FT,1.48,0.49,2.84,1.01,1.34,0.37,14,9,32.0,13.0,136.0,73.0,1.0,2.0,0.01,-0.16,2026-06-05 17:29:11,0.1057142857142857,0.0544444444444444,1.36,0.52,0.01,-0.1600000000000001,21,2,-19.0,,,,,,,,,,,,,,,,,
Mali,Senegal,0,1,KẾT THÚC,1.12,1.88,0.95,2.28,0.24,0.64,8,19,11.0,22.0,73.0,157.0,3.0,6.0,1.28,0.95,2026-06-05 17:29:58,0.14,0.0989473684210526,-0.1700000000000001,0.3999999999999999,1.2799999999999998,0.95,47,21,-26.0,,,,,,,,,,,,,,,,,
Senegal,Egypt,1,0,KẾT THÚC,0.33,0.12,0.42,0.05,0.4,0.27,12,3,15.0,9.0,143.0,68.0,4.0,1.0,0.05,-0.58,2026-06-05 17:30:27,0.0275,0.04,0.0899999999999999,-0.0699999999999999,0.05,-0.5800000000000001,21,31,10.0,,,,,,,,,,,,,,,,,
Senegal,Morocco,0,3,FT,1.71,2.17,2.16,1.04,0.47,1.07,14,21,21.0,31.0,105.0,133.0,3.0,11.0,1.04,1.16,2026-06-05 17:32:11,0.1221428571428571,0.1033333333333333,0.4500000000000002,-1.13,-1.96,2.16,21,14,-7.0,,,,,,,,,,,,,,,,,
Senegal,Peru,2,0,FT,1.89,0.43,2.0,0.52,1.34,0.46,12,7,20.0,12.0,91.0,83.0,1.0,2.0,0.52,0.0,2026-06-05 17:32:53,0.1575,0.0614285714285714,0.1100000000000001,0.09,0.52,0.0,21,100,79.0,,,,,,,,,,,,,,,,,
Senegal,Gambia,3,1,FT,0.0,0.0,0.0,0.0,,,16,11,,,,,,,,,2026-06-05 17:33:15,0.0,0.0,0.0,0.0,-1.0,-3.0,21,100,79.0,,,,,,,,,,,,,,,,,
United States,Senegal,3,2,KẾT THÚC,2.62,1.66,2.63,1.91,1.39,1.44,17,7,32.0,21.0,132.0,89.0,6.0,0.0,-0.09,-0.36,2026-06-05 17:33:38,0.1541176470588235,0.2371428571428571,0.0099999999999997,0.25,-0.09,-0.3700000000000001,69,21,-48.0,,,,,,,,,,,,,,,,,
Iraq,Bahrain,2,1,KẾT THÚC,1.26,1.14,1.62,0.83,0.81,0.67,10,11,13.0,19.0,76.0,124.0,3.0,7.0,-0.17,0.62,2026-06-05 17:36:41,0.126,0.1036363636363636,0.3600000000000001,-0.3099999999999999,-0.17,-0.3799999999999999,55,6,-49.0,,,,,,,,,,,,,,,,,
Sudan,Iraq,0,2,KẾT THÚC,0.59,0.7,0.01,1.41,0.44,0.41,12,10,14.0,19.0,73.0,116.0,2.0,0.0,-0.59,0.01,2026-06-05 17:37:07,0.0491666666666666,0.0699999999999999,-0.58,0.71,-0.5900000000000001,0.01,2,55,53.0,,,,,,,,,,,,,,,,,
Algeria,Iraq,2,0,KẾT THÚC,1.85,0.29,1.67,0.05,1.15,0.13,14,5,34.0,11.0,216.0,36.0,2.0,4.0,0.05,0.67,2026-06-05 17:37:31,0.1321428571428571,0.0579999999999999,-0.1800000000000001,-0.24,0.05,-0.33,41,55,14.0,,,,,,,,,,,,,,,,,
Jordan,Iraq,1,0,KẾT THÚC,1.04,1.25,1.15,0.29,0.16,0.7,6,21,16.0,23.0,69.0,152.0,2.0,11.0,0.29,0.15,2026-06-05 17:37:50,0.1733333333333333,0.0595238095238095,0.1099999999999998,-0.96,0.29,0.1499999999999999,68,55,-13.0,,,,,,,,,,,,,,,,,
Iraq,Bolivia,2,1,KẾT THÚC,0.74,0.61,0.88,0.7,0.46,0.69,6,15,7.0,26.0,53.0,148.0,1.0,5.0,-0.3,-1.12,2026-06-05 17:38:11,0.1233333333333333,0.0406666666666666,0.14,0.0899999999999999,-0.3,-1.12,55,100,45.0,,,,,,,,,,,,,,,,,
Austria,Đảo Síp,1,0,KẾT THÚC,2.14,1.25,1.1,0.86,1.02,0.59,10,16,30.0,18.0,204.0,68.0,1.0,6.0,0.86,0.1,2026-06-05 17:40:50,0.214,0.078125,-1.04,-0.39,0.86,0.1,22,100,78.0,,,,,,,,,,,,,,,,,
Bosnia-Herzegovina,Austria,1,2,KẾT THÚC,1.92,1.31,1.1,1.81,1.49,0.86,16,11,23.0,16.0,93.0,120.0,3.0,3.0,-0.19,0.1,2026-06-05 17:44:00,0.12,0.1190909090909091,-0.8199999999999998,0.5,-0.1899999999999999,0.1,75,22,-53.0,,,,,,,,,,,,,,,,,
Austria,San Marino,10,0,FT,5.84,0.46,9.11,0.38,4.94,0.26,25,4,83.0,5.0,228.0,47.0,3.0,1.0,0.38,-0.89,2026-06-05 17:44:34,0.2336,0.115,3.27,-0.08,0.38,-0.8900000000000006,22,100,78.0,,,,,,,,,,,,,,,,,
Romania,Austria,1,0,KẾT THÚC,0.65,0.16,0.63,0.21,0.26,0.32,10,3,7.0,14.0,83.0,136.0,4.0,1.0,0.21,-0.37,2026-06-05 17:44:57,0.065,0.0533333333333333,-0.02,0.0499999999999999,0.21,-0.37,42,22,-20.0,,,,,,,,,,,,,,,,,
Đảo Síp,Austria,0,2,FT,0.36,2.51,0.0,2.34,0.37,1.67,4,12,11.0,27.0,85.0,193.0,1.0,1.0,0.34,0.0,2026-06-05 17:45:26,0.09,0.2091666666666666,-0.36,-0.1699999999999999,0.3399999999999998,0.0,100,22,-78.0,,,,,,,,,,,,,,,,,
Austria,Bosnia-Herzegovina,1,1,KẾT THÚC,1.2,0.81,0.89,0.44,1.12,0.37,10,8,22.0,14.0,194.0,69.0,2.0,2.0,-0.56,-0.11,2026-06-05 17:46:07,0.12,0.10125,-0.3099999999999999,-0.37,-0.56,-0.1099999999999999,22,75,53.0,,,,,,,,,,,,,,,,,
Austria,Ghana,5,1,KẾT THÚC,2.55,0.35,3.81,0.73,1.17,0.09,11,5,25.0,11.0,118.0,54.0,1.0,1.0,-0.27,-1.19,2026-06-05 17:46:44,0.2318181818181818,0.0699999999999999,1.2600000000000002,0.38,-0.27,-1.19,22,70,48.0,,,,,,,,,,,,,,,,,
Austria,South Korea,1,0,FT,0.39,0.71,0.75,0.5,0.75,0.23,5,11,17.0,14.0,111.0,83.0,1.0,4.0,0.5,-0.25,2026-06-05 17:51:04,0.078,0.0645454545454545,0.36,-0.2099999999999999,0.5,-0.25,22,59,37.0,,,,,,,,,,,,,,,,,
Austria,Tunisia,1,0,FT,1.33,1.01,1.11,0.71,0.52,0.54,9,14,22.0,24.0,98.0,93.0,0.0,3.0,0.71,0.11,2026-06-05 17:51:37,0.1477777777777777,0.0721428571428571,-0.2199999999999999,-0.3,0.71,0.1100000000000001,22,36,14.0,,,,,,,,,,,,,,,,,
Ecuador,Argentina,1,0,FT,1.69,0.41,1.59,0.0,0.76,0.63,11,8,11.0,13.0,58.0,131.0,3.0,4.0,0.0,0.59,2026-06-05 17:52:38,0.1536363636363636,0.05125,-0.0999999999999998,-0.41,0.0,0.5900000000000001,27,1,-26.0,,,,,,,,,,,,,,,,,
Argentina,Venezuela,1,0,FT,2.85,0.39,3.46,0.14,3.58,0.35,19,5,37.0,9.0,195.0,35.0,4.0,1.0,0.14,2.46,2026-06-05 17:53:37,0.15,0.078,0.6099999999999999,-0.25,0.14,2.46,1,100,99.0,,,,,,,,,,,,,,,,,
Puerto Rico,Argentina,0,6,FT,0.21,2.86,0.42,4.12,0.04,3.8,5,25,2.0,50.0,39.0,369.0,1.0,6.0,-0.88,0.42,2026-06-05 17:54:12,0.0419999999999999,0.1144,0.21,1.2600000000000002,-1.88,0.42,100,1,-99.0,,,,,,,,,,,,,,,,,
Angola,Argentina,0,2,FT,0.49,1.5,0.1,1.46,0.38,0.94,7,8,14.0,17.0,61.0,104.0,2.0,2.0,-0.54,0.1,2026-06-05 17:54:33,0.0699999999999999,0.1875,-0.39,-0.04,-0.54,0.1,4,1,-3.0,,,,,,,,,,,,,,,,,
Argentina,Mauritania,2,1,FT,0.67,1.04,1.01,1.34,1.23,0.15,7,11,28.0,16.0,217.0,66.0,3.0,1.0,0.34,-0.99,2026-06-05 17:55:17,0.0957142857142857,0.0945454545454545,0.3399999999999999,0.3,0.3400000000000001,-0.99,1,100,99.0,,,,,,,,,,,,,,,,,
Argentina,Zambia,5,0,FT,1.63,0.2,2.56,0.08,1.85,0.11,9,3,41.0,5.0,222.0,44.0,2.0,1.0,0.08,-1.44,2026-06-05 17:55:45,0.1811111111111111,0.0666666666666666,0.9300000000000002,-0.12,0.08,-2.44,1,100,99.0,,,,,,,,,,,,,,,,,
Algeria,Sudan,3,0,FT,2.2,0.31,1.97,0.43,0.9,0.22,14,5,28.0,13.0,114.0,53.0,2.0,0.0,0.43,-1.03,2026-06-05 17:56:16,0.1571428571428571,0.062,-0.2300000000000002,0.12,0.43,-1.03,41,2,-39.0,,,,,,,,,,,,,,,,,
Algeria,Burkina Faso,1,0,KẾT THÚC,2.0,1.02,1.61,0.77,0.98,0.96,10,14,15.0,20.0,79.0,133.0,2.0,4.0,0.77,0.61,2026-06-05 17:56:48,0.2,0.0728571428571428,-0.3899999999999999,-0.25,0.77,0.6100000000000001,41,100,59.0,,,,,,,,,,,,,,,,,
Guinea Xích đạo,Algeria,1,3,FT,0.5,1.9,0.67,2.36,0.5,1.65,10,16,6.0,25.0,85.0,108.0,2.0,5.0,-0.64,-0.13,2026-06-05 17:57:17,0.05,0.11875,0.17,0.4599999999999999,-0.6400000000000001,-0.3299999999999999,100,41,-59.0,,,,,,,,,,,,,,,,,
Algeria,Congo DR,1,0,FT,0.7,0.17,1.15,0.17,0.72,0.27,12,6,25.0,7.0,142.0,88.0,1.0,2.0,0.17,0.15,2026-06-05 17:57:40,0.0583333333333333,0.0283333333333333,0.4499999999999999,0.0,0.17,0.1499999999999999,41,58,17.0,,,,,,,,,,,,,,,,,
Algeria,Nigeria,0,2,FT,0.13,3.36,0.0,2.9,0.17,2.39,3,13,10.0,41.0,68.0,127.0,1.0,1.0,0.0,0.0,2026-06-05 17:58:23,0.0433333333333333,0.2584615384615384,-0.13,-0.4599999999999999,0.8999999999999999,0.0,41,35,-6.0,,,,,,,,,,,,,,,,,
Algeria,Guatemala,7,0,FT,0.0,0.0,0.0,0.0,,,25,5,,,,,,,,,2026-06-05 17:58:59,0.0,0.0,0.0,0.0,0.0,-7.0,41,100,59.0,,,,,,,,,,,,,,,,,
Armenia,Portugal,0,5,FT,0.19,6.34,0.12,4.7,0.15,4.13,7,24,7.0,54.0,52.0,198.0,2.0,4.0,-0.3,0.12,2026-06-05 18:01:15,0.0271428571428571,0.2641666666666666,-0.07,-1.6399999999999997,-0.2999999999999998,0.12,3,8,5.0,,,,,,,,,,,,,,,,,
Hungary,Portugal,2,3,FT,0.48,2.38,1.36,3.53,0.41,2.05,5,15,9.0,29.0,59.0,240.0,0.0,3.0,0.53,-0.64,2026-06-05 18:01:42,0.096,0.1586666666666666,0.8800000000000001,1.15,0.5299999999999998,-0.6399999999999999,28,8,-20.0,,,,,,,,,,,,,,,,,
Portugal,Ireland,1,0,KẾT THÚC,2.97,0.08,2.24,0.0,2.12,0.07,30,2,40.0,6.0,368.0,60.0,8.0,1.0,0.0,1.24,2026-06-05 18:02:04,0.099,0.04,-0.73,-0.08,0.0,1.2400000000000002,8,22,14.0,,,,,,,,,,,,,,,,,
Portugal,Hungary,2,2,FT,2.5,1.88,2.88,2.89,1.96,0.95,20,17,36.0,20.0,258.0,61.0,4.0,2.0,0.89,0.85,2026-06-05 18:02:26,0.125,0.1105882352941176,0.3799999999999999,1.0100000000000002,0.8900000000000001,0.8799999999999999,8,28,20.0,,,,,,,,,,,,,,,,,
Ireland,Portugal,2,0,FT,2.02,1.61,1.7,1.5,1.24,1.84,14,27,29.0,38.0,30.0,392.0,5.0,12.0,1.5,-0.3,2026-06-05 18:02:58,0.1442857142857143,0.0596296296296296,-0.32,-0.1100000000000001,1.5,-0.3,22,8,-14.0,,,,,,,,,,,,,,,,,
Portugal,Armenia,9,1,FT,5.69,0.75,7.16,0.31,2.33,0.81,34,4,52.0,11.0,200.0,53.0,8.0,1.0,-0.69,-1.84,2026-06-05 18:04:09,0.1673529411764706,0.1875,1.4699999999999998,-0.44,-0.69,-1.84,8,3,-5.0,,,,,,,,,,,,,,,,,
Mexico,Colombia,0,4,FT,0.85,0.95,0.27,1.68,0.64,0.5,10,7,20.0,15.0,99.0,80.0,4.0,1.0,-2.32,0.27,2026-06-05 18:05:30,0.0849999999999999,0.1357142857142857,-0.58,0.73,-2.3200000000000003,0.27,17,9,-8.0,,,,,,,,,,,,,,,,,
Canada,Colombia,0,0,FT,0.09,1.15,0.07,0.08,0.24,0.38,4,6,6.0,8.0,113.0,80.0,1.0,1.0,0.08,0.07,2026-06-05 18:05:49,0.0225,0.1916666666666666,-0.0199999999999999,-1.0699999999999998,0.08,0.07,38,9,-29.0,,,,,,,,,,,,,,,,,
Colombia,Croatia,1,2,FT,2.07,1.22,1.19,1.09,1.86,0.71,14,12,22.0,19.0,195.0,58.0,3.0,5.0,-0.91,0.19,2026-06-05 18:07:03,0.1478571428571428,0.1016666666666666,-0.8799999999999999,-0.1299999999999999,-0.91,0.1899999999999999,9,12,3.0,,,,,,,,,,,,,,,,,
Colombia,Costa Rica,3,1,FT,1.93,0.55,1.69,0.28,1.16,0.43,14,9,23.0,11.0,131.0,82.0,2.0,2.0,-0.72,-1.31,2026-06-05 18:07:31,0.1378571428571428,0.0611111111111111,-0.24,-0.27,-0.72,-1.31,9,48,39.0,,,,,,,,,,,,,,,,,
Congo DR,Benin,1,0,FT,1.49,0.49,1.11,0.14,0.78,0.39,11,12,16.0,14.0,95.0,91.0,3.0,0.0,0.14,0.11,2026-06-05 18:08:00,0.1354545454545454,0.0408333333333333,-0.3799999999999999,-0.35,0.14,0.1100000000000001,58,100,42.0,,,,,,,,,,,,,,,,,
Senegal,Congo DR,1,1,FT,2.01,0.95,1.53,1.5,0.72,0.49,11,7,27.0,10.0,156.0,72.0,2.0,1.0,0.5,0.53,2026-06-05 18:08:23,0.1827272727272727,0.1357142857142857,-0.4799999999999997,0.55,0.5,0.53,21,58,37.0,,,,,,,,,,,,,,,,,
Botswana,Congo DR,0,3,FT,0.27,4.02,0.1,3.7,0.19,2.7,6,28,7.0,47.0,52.0,221.0,1.0,3.0,0.7,0.1,2026-06-05 18:09:35,0.045,0.1435714285714285,-0.17,-0.3199999999999994,0.7000000000000002,0.1,100,58,-42.0,,,,,,,,,,,,,,,,,
Congo DR,Jamaica,1,0,KẾT THÚC HIỆP PHỤ,1.45,0.3,0.86,0.01,0.51,0.66,19,6,36.0,17.0,164.0,102.0,6.0,1.0,0.01,-0.14,2026-06-05 18:10:21,0.0763157894736842,0.0499999999999999,-0.59,-0.29,0.01,-0.14,58,100,42.0,,,,,,,,,,,,,,,,,
Congo DR,Đan Mạch,0,0,FT,0.83,0.81,1.05,0.72,0.55,1.41,8,12,13.0,22.0,102.0,191.0,2.0,3.0,0.72,1.05,2026-06-05 18:10:44,0.10375,0.0675,0.22,-0.09,0.72,1.05,58,100,42.0,,,,,,,,,,,,,,,,,
Uzbekistan,Gabon,3,1,KẾT THÚC,0.0,0.0,0.0,0.0,,,15,11,,,,,,,,,2026-06-05 18:11:47,0.0,0.0,0.0,0.0,-1.0,-3.0,60,100,40.0,,,,,,,,,,,,,,,,,
Uzbekistan,Venezuela,0,0,SAU 90 PHÚT,0.0,0.0,0.0,0.0,,,7,3,,,,,,,,,2026-06-05 18:13:29,0.0,0.0,0.0,0.0,0.0,0.0,60,100,40.0,,,,,,,,,,,,,,,,,
Quần đảo Faroe,Croatia,0,1,KẾT THÚC,1.05,2.65,0.57,3.24,0.29,2.87,6,26,14.0,44.0,85.0,188.0,1.0,9.0,2.24,0.57,2026-06-05 18:14:33,0.175,0.1019230769230769,-0.4800000000000001,0.5900000000000003,2.24,0.57,100,12,-88.0,,,,,,,,,,,,,,,,,
Croatia,Montenegro,4,0,FT,3.32,0.16,4.31,0.04,3.36,0.1,32,3,68.0,5.0,370.0,48.0,6.0,1.0,0.04,1.31,2026-06-05 18:15:07,0.10375,0.0533333333333333,0.9899999999999998,-0.12,0.04,0.3099999999999996,12,100,88.0,,,,,,,,,,,,,,,,,
Croatia,Gibraltar,3,0,FT,3.7,0.05,4.6,0.0,2.67,0.01,28,1,77.0,0.0,327.0,36.0,4.0,0.0,0.0,1.6,2026-06-05 18:15:39,0.1321428571428571,0.05,0.8999999999999995,-0.05,0.0,1.5999999999999996,12,100,88.0,,,,,,,,,,,,,,,,,
Croatia,Quần đảo Faroe,3,1,KẾT THÚC,2.68,0.45,1.82,1.11,2.07,0.13,20,4,47.0,9.0,295.0,39.0,4.0,0.0,0.11,-1.18,2026-06-05 18:16:15,0.134,0.1125,-0.8600000000000001,0.6600000000000001,0.1100000000000001,-1.18,12,100,88.0,,,,,,,,,,,,,,,,,
Montenegro,Croatia,2,3,FT,0.98,2.7,1.56,2.55,0.42,1.21,12,17,11.0,41.0,58.0,159.0,1.0,5.0,-0.45,-0.44,2026-06-05 18:16:47,0.0816666666666666,0.1588235294117647,0.5800000000000001,-0.1500000000000003,-0.4500000000000002,-0.4399999999999999,100,12,-88.0,,,,,,,,,,,,,,,,,
Albania,England,0,2,KẾT THÚC,0.49,1.86,0.82,2.4,0.23,1.82,6,14,9.0,28.0,50.0,193.0,0.0,3.0,0.4,0.82,2026-06-05 18:17:41,0.0816666666666666,0.1328571428571428,0.3299999999999999,0.5399999999999998,0.3999999999999999,0.82,100,4,-96.0,,,,,,,,,,,,,,,,,
England,Wales,3,0,KẾT THÚC,3.01,0.53,2.44,0.27,2.17,0.25,17,10,43.0,16.0,193.0,57.0,7.0,5.0,0.27,-0.56,2026-06-05 18:18:27,0.1770588235294117,0.053,-0.5699999999999998,-0.26,0.27,-0.56,4,31,27.0,,,,,,,,,,,,,,,,,
Latvia,England,0,5,FT,0.41,2.4,0.04,4.2,0.19,1.37,6,24,9.0,48.0,40.0,382.0,3.0,7.0,0.2,0.04,2026-06-05 18:19:44,0.0683333333333333,0.0999999999999999,-0.37,1.8000000000000005,-0.7999999999999998,0.04,11,4,-7.0,,,,,,,,,,,,,,,,,
England,Serbia,2,0,KẾT THÚC,1.2,0.38,1.41,0.02,1.63,0.81,19,7,39.0,12.0,193.0,41.0,6.0,3.0,0.02,-0.59,2026-06-05 18:20:24,0.0631578947368421,0.0542857142857142,0.2099999999999999,-0.36,0.02,-0.5900000000000001,4,29,25.0,,,,,,,,,,,,,,,,,
Trung Phi,Ghana,0,5,KẾT THÚC,0.0,0.0,0.0,0.0,,,2,18,,,,,,,,,2026-06-05 18:21:03,0.0,0.0,0.0,0.0,-5.0,0.0,100,70,-30.0,,,,,,,,,,,,,,,,,
Ghana,Comoros,1,0,KẾT THÚC,0.0,0.0,0.0,0.0,,,2,4,,,,,,,,,2026-06-05 18:21:25,0.0,0.0,0.0,0.0,0.0,-1.0,70,100,30.0,,,,,,,,,,,,,,,,,
Wales,Ghana,1,1,KẾT THÚC,1.67,1.31,1.15,1.49,2.17,0.26,18,11,30.0,13.0,166.0,60.0,6.0,1.0,0.49,0.15,2026-06-05 18:21:47,0.0927777777777777,0.1190909090909091,-0.52,0.1799999999999999,0.49,0.1499999999999999,31,70,39.0,,,,,,,,,,,,,,,,,
El Salvador,Panama,0,1,FT,1.29,1.09,0.22,1.23,0.45,1.51,10,7,12.0,22.0,84.0,118.0,6.0,3.0,0.23,0.22,2026-06-05 18:22:35,0.129,0.1557142857142857,-1.07,0.1399999999999999,0.2299999999999999,0.22,100,37,-63.0,,,,,,,,,,,,,,,,,
Panama,Suriname,1,1,FT,3.07,1.53,2.04,2.24,2.9,0.53,28,8,51.0,9.0,235.0,84.0,5.0,1.0,1.24,1.04,2026-06-05 18:23:16,0.1096428571428571,0.19125,-1.0299999999999998,0.7100000000000002,1.2400000000000002,1.04,37,100,63.0,,,,,,,,,,,,,,,,,
Guatemala,Panama,2,3,FT,2.87,0.4,2.6,1.26,1.21,0.13,24,9,29.0,9.0,92.0,49.0,7.0,0.0,-1.74,0.6,2026-06-05 18:24:20,0.1195833333333333,0.0444444444444444,-0.27,0.86,-1.74,0.6000000000000001,100,37,-63.0,,,,,,,,,,,,,,,,,
Panama,El Salvador,3,0,FT,3.4,0.52,2.44,0.04,2.91,0.4,21,7,38.0,7.0,147.0,58.0,1.0,1.0,0.04,-0.56,2026-06-05 18:24:48,0.1619047619047619,0.0742857142857142,-0.96,-0.48,0.04,-0.56,37,100,63.0,,,,,,,,,,,,,,,,,
Panama,Mexico,0,1,FT,0.07,0.96,0.01,0.27,0.09,0.91,4,9,3.0,18.0,36.0,168.0,0.0,1.0,0.27,0.01,2026-06-05 18:25:20,0.0175,0.1066666666666666,-0.06,-0.69,-0.73,0.01,37,17,-20.0,,,,,,,,,,,,,,,,,
Panama,Cộng hòa Dominican,4,2,FT,0.0,0.0,0.0,0.0,,,12,10,,,,,,,,,2026-06-05 18:26:28,0.0,0.0,0.0,0.0,-2.0,-4.0,37,100,63.0,,,,,,,,,,,,,,,,,
Croatia,Slovenia,2,1,FT,1.7,1.95,1.19,1.79,1.47,0.45,22,13,28.0,20.0,197.0,67.0,6.0,3.0,0.79,-0.81,2026-06-08 17:20:35,0.0772727272727272,0.15,-0.51,-0.1599999999999999,0.79,-0.81,12,50,38.0,,,,,,,,,,,,,,,,,
Morocco,Norway,1,1,FT,1.14,0.8,0.39,1.0,1.08,0.81,13,9,15.0,27.0,59.0,97.0,2.0,4.0,0.0,-0.61,2026-06-08 17:21:57,0.0876923076923076,0.0888888888888888,-0.7499999999999999,0.1999999999999999,0.0,-0.61,14,47,33.0,,,,,,,,,,,,,,,,,
Ecuador,Guatemala,3,0,FT,2.75,0.27,2.74,0.0,1.34,0.26,18,3,29.0,5.0,267.0,50.0,5.0,1.0,0.0,-0.26,2026-06-08 17:22:24,0.1527777777777778,0.09,-0.0099999999999997,-0.27,0.0,-0.2599999999999998,27,100,73.0,,,,,,,,,,,,,,,,,
Colombia,Jordan,2,0,FT,1.69,0.83,1.34,0.02,1.5,0.69,14,10,24.0,5.0,91.0,52.0,2.0,2.0,0.02,-0.66,2026-06-08 17:22:53,0.1207142857142857,0.0829999999999999,-0.3499999999999998,-0.8099999999999999,0.02,-0.6599999999999999,9,68,59.0,,,,,,,,,,,,,,,,,
Argentina,Honduras,2,0,FT,2.52,0.24,3.12,0.0,2.45,0.16,20,4,42.0,6.0,258.0,30.0,5.0,2.0,0.0,1.12,2026-06-08 17:26:42,0.126,0.06,0.6000000000000001,-0.24,0.0,1.12,1,100,99.0,,,,,,,,,,,,,,,,,
Venezuela,Turkey,1,2,FT,0.43,1.52,0.65,3.03,0.31,0.65,9,16,10.0,27.0,65.0,94.0,2.0,3.0,1.03,-0.35,2026-06-08 17:28:29,0.0477777777777777,0.095,0.22,1.5099999999999998,1.0299999999999998,-0.35,100,26,-74.0,,,,,,,,,,,,,,,,,
Brazil,Egypt,2,1,FT,2.48,0.42,2.04,0.26,0.91,0.33,12,5,29.0,14.0,122.0,102.0,3.0,2.0,-0.74,0.94,2026-06-08 17:29:05,0.2066666666666666,0.0839999999999999,-0.4399999999999999,-0.1599999999999999,-0.74,0.04,5,31,26.0,,,,,,,,,,,,,,,,,
Qatar,El Salvador,0,0,FT,1.0,1.14,0.18,1.09,0.37,0.48,8,11,10.0,12.0,62.0,71.0,1.0,4.0,1.09,0.18,2026-06-08 17:29:32,0.125,0.1036363636363636,-0.8200000000000001,-0.0499999999999998,1.09,0.18,44,100,56.0,,,,,,,,,,,,,,,,,
Cape Verde,Bermuda,3,0,FT,0.0,0.0,0.0,0.0,,,28,4,,,,,,,,,2026-06-08 17:29:56,0.0,0.0,0.0,0.0,0.0,-3.0,65,100,35.0,,,,,,,,,,,,,,,,,
Bolivia,Scotland,0,4,FT,0.22,3.12,0.17,2.72,0.22,2.1,7,20,1.0,38.0,77.0,88.0,3.0,5.0,-1.28,0.17,2026-06-08 17:30:49,0.0314285714285714,0.156,-0.0499999999999999,-0.3999999999999999,-1.2799999999999998,0.17,100,52,-48.0,,,,,,,,,,,,,,,,,
England,New Zealand,1,0,FT,1.49,0.12,1.24,0.04,1.2,0.08,23,3,36.0,4.0,245.0,41.0,11.0,1.0,0.04,0.24,2026-06-08 17:32:17,0.0647826086956521,0.04,-0.25,-0.0799999999999999,0.04,0.24,4,95,91.0,,,,,,,,,,,,,,,,,
Switzerland,Australia,1,1,FT,1.42,1.03,1.86,1.03,1.27,0.45,9,4,31.0,5.0,164.0,38.0,1.0,0.0,0.03,0.86,2026-06-08 17:35:11,0.1577777777777777,0.2575,0.4400000000000001,0.0,0.03,0.8600000000000001,15,25,10.0,,,,,,,,,,,,,,,,,
Panama,Bosnia-Herzegovina,1,1,KẾT THÚC,0.0,0.0,0.0,0.0,,,8,8,,,,,,,,,2026-06-08 17:35:41,0.0,0.0,0.0,0.0,-1.0,-1.0,37,75,38.0,,,,,,,,,,,,,,,,,
United States,Germany,1,2,KẾT THÚC,0.99,1.54,0.55,2.16,0.58,1.69,16,12,20.0,24.0,122.0,156.0,5.0,2.0,0.16,-0.45,2026-06-08 17:36:05,0.061875,0.1283333333333333,-0.4399999999999999,0.6200000000000001,0.1600000000000001,-0.4499999999999999,69,13,-56.0,,,,,,,,,,,,,,,,,
Portugal,Chilê,2,1,KẾT THÚC,1.58,0.7,2.07,0.62,1.26,0.46,18,11,36.0,19.0,198.0,104.0,5.0,2.0,-0.38,0.07,2026-06-08 17:36:32,0.0877777777777777,0.0636363636363636,0.4899999999999997,-0.0799999999999999,-0.38,0.0699999999999998,8,32,24.0,,,,,,,,,,,,,,,,,
Belgium,Tunisia,5,0,KẾT THÚC,3.86,0.29,4.55,0.04,3.94,0.23,27,7,81.0,12.0,268.0,62.0,9.0,2.0,0.04,-0.45,2026-06-08 17:39:37,0.1429629629629629,0.0414285714285714,0.69,-0.2499999999999999,0.04,-0.4500000000000002,6,36,30.0,,,,,,,,,,,,,,,,,
Haiti,Peru,1,2,FT,0.69,0.99,0.7,1.38,0.19,0.64,8,10,9.0,13.0,82.0,120.0,1.0,1.0,-0.62,-0.3,2026-06-08 17:40:29,0.08625,0.099,0.01,0.3899999999999999,-0.6200000000000001,-0.3,86,100,14.0,,,,,,,,,,,,,,,,,
Canada,Ireland,1,1,KẾT THÚC,1.31,1.56,0.19,1.39,1.21,0.27,21,5,27.0,9.0,156.0,73.0,9.0,1.0,0.39,0.19,2026-06-08 17:41:11,0.0623809523809523,0.312,-1.12,-0.1700000000000001,0.3899999999999999,-0.81,38,22,-16.0,,,,,,,,,,,,,,,,,
Puerto Rico,Saudi Arabia,0,3,KẾT THÚC,0.28,1.35,0.81,1.1,0.6,0.92,4,20,10.0,28.0,50.0,137.0,2.0,5.0,-1.9,0.81,2026-06-08 17:41:50,0.07,0.0675,0.53,-0.25,-1.9,0.81,100,56,-44.0,,,,,,,,,,,,,,,,,
Paraguay,Nicaragua,4,0,FT,0.0,0.0,0.0,0.0,,,17,0,,,,,,,,,2026-06-08 17:42:24,0.0,0.0,0.0,0.0,0.0,-4.0,57,100,43.0,,,,,,,,,,,,,,,,,
Sweden,Hy Lạp,2,2,FT,1.57,1.31,1.15,1.16,1.22,1.12,13,13,23.0,17.0,132.0,136.0,1.0,3.0,-0.84,-0.85,2026-06-08 17:43:34,0.1207692307692307,0.1007692307692307,-0.4200000000000001,-0.1500000000000001,-0.8400000000000001,-0.8500000000000001,28,100,72.0,,,,,,,,,,,,,,,,,
Czech Republic,Guatemala,3,1,KẾT THÚC,0.0,0.0,0.0,0.0,,,21,7,,,,,5.0,0.0,,,2026-06-08 17:45:22,0.0,0.0,0.0,0.0,-1.0,-3.0,23,100,77.0,,,,,,,,,,,,,,,,,
Mexico,Serbia,5,1,KẾT THÚC,2.26,0.45,2.28,0.78,1.49,0.13,17,3,32.0,7.0,127.0,44.0,2.0,0.0,-0.22,-0.72,2026-06-08 17:46:22,0.1329411764705882,0.15,0.02,0.33,-0.2199999999999999,-2.72,17,29,12.0,,,,,,,,,,,,,,,,,
South Korea,El Salvador,1,0,FT,1.15,0.14,1.8,0.0,0.9,0.18,15,3,17.0,5.0,199.0,53.0,4.0,0.0,0.0,0.8,2026-06-08 17:49:41,0.0766666666666666,0.0466666666666666,0.6500000000000001,-0.14,0.0,0.8,59,100,41.0,,,,,,,,,,,,,,,,,
Netherlands,Uzbekistan,2,1,FINISHED,4.62,0.98,1.61,0.94,2.84,0.31,15,8,21.0,7.0,128.0,56.0,3.0,4.0,-0.06,-0.39,2026-06-10 10:57:46,0.308,0.1225,-3.01,-0.04,-0.06,-0.3899999999999999,7,60,53.0,,,,,,,,,,,,,,,,,
France,Northern Ireland,3,1,FINISHED,2.86,1.07,2.58,1.08,2.25,0.81,27,4,52.0,7.0,304.0,24.0,9.0,0.0,0.08,-0.42,2026-06-10 10:59:45,0.1059259259259259,0.2675,-0.2799999999999998,0.01,0.08,-0.4199999999999999,2,7,5.0,,,,,,,,,,,,,,,,,
Iraq,Venezuela,0,2,FINISHED,0.0,0.0,0.0,0.0,,,10,10,,,,,,,,,2026-06-10 11:04:33,0.0,0.0,0.0,0.0,-2.0,0.0,55,100,45.0,,,,,,,,,,,,,,,,,
Argentina,Iceland,3,0,FT,2.48,1.48,3.25,0.05,1.8,0.96,15,6,32.0,8.0,96.0,59.0,4.0,0.0,0.05,0.25,2026-06-10 11:06:05,0.1653333333333333,0.2466666666666666,0.77,-1.43,0.05,0.25,1,37,36.0,,,,,,,,,,,,,,,,,
Saudi Arabia,Senegal,0,0,FT,1.13,0.41,0.48,1.2,0.93,0.62,9,7,10.0,14.0,71.0,158.0,1.0,1.0,1.2,0.48,2026-06-10 11:06:44,0.1255555555555555,0.0585714285714285,-0.6499999999999999,0.79,1.2,0.48,56,21,-35.0,,,,,,,,,,,,,,,,,
Congo DR,Chile,1,2,FINISHED,0.5,0.29,0.46,0.37,0.56,0.49,10,6,18.0,13.0,111.0,94.0,2.0,0.0,-1.63,-0.54,2026-06-10 11:07:19,0.05,0.0483333333333333,-0.0399999999999999,0.08,-1.63,-0.54,58,32,-26.0,,,,,,,,,,,,,,,,,
Peru,Spain,1,3,FINISHED,1.23,1.93,1.14,1.08,0.54,1.68,10,8,12.0,27.0,58.0,146.0,3.0,2.0,-0.92,0.14,2026-06-10 11:08:32,0.123,0.24125,-0.09,-0.8499999999999999,-1.92,0.1399999999999999,100,3,-97.0,,,,,,,,,,,,,,,,,
Portugal,Nigeria,2,1,FINISHED,1.63,0.33,1.25,0.95,0.58,0.27,13,5,19.0,10.0,132.0,58.0,1.0,1.0,-0.05,-0.75,2026-06-11 11:13:52,0.1253846153846153,0.066,-0.3799999999999999,0.6199999999999999,-0.05,-0.75,8,35,27.0,,,,,,,,,,,,,,,,,
England,Costa Rica,3,0,FT,4.71,0.03,2.44,0.0,2.15,0.02,28,1,45.0,1.0,210.0,9.0,10.0,1.0,0.0,-0.56,2026-06-11 11:16:18,0.1682142857142857,0.03,-2.27,-0.03,0.0,-0.56,4,48,44.0,,,,,,,,,,,,,,,,,
United States,Paraguay,4,1,FINISHED,1.34,0.47,2.43,0.42,0.96,0.26,16,9,53.0,11.0,197.0,46.0,4.0,5.0,-0.58,-0.57,2026-06-13 23:48:59,0.08375,0.0522222222222222,1.09,-0.0499999999999999,-0.5800000000000001,-1.5699999999999998,69,57,-12.0,3.0,1.0,1.0,5.0,13.0,17.0,9.0,21.0,65.0,55.0,15.0,33.0,19.0,5.0,65.0,35.0,
Qatar,Switzerland,1,1,FINISHED,0.6,3.2,0.46,1.78,0.25,3.2,6,26,8.0,42.0,54.0,230.0,0.0,9.0,0.78,0.46,2026-06-14 13:09:52,0.0999999999999999,0.123076923076923,-0.1399999999999999,-1.4200000000000002,0.78,-0.54,44,15,-29.0,3.0,10.0,2.0,1.0,12.0,11.0,14.0,8.0,36.0,37.0,31.0,13.0,9.0,35.0,32.0,68.0,
Brazil,Morocco,1,1,FINISHED,1.26,1.36,1.37,0.74,0.64,0.6,12,14,22.0,13.0,100.0,157.0,3.0,6.0,-0.26,0.37,2026-06-14 13:11:03,0.105,0.0971428571428571,0.1100000000000001,-0.6200000000000001,-0.26,0.3700000000000001,5,14,9.0,6.0,2.0,2.0,0.0,16.0,14.0,23.0,26.0,53.0,62.0,23.0,17.0,16.0,15.0,51.0,49.0,
Haiti,Scotland,0,1,FINISHED,1.04,1.05,0.22,1.18,0.98,0.4,15,9,22.0,21.0,117.0,84.0,4.0,2.0,0.18,0.22,2026-06-14 13:12:23,0.0693333333333333,0.1166666666666666,-0.8200000000000001,0.1299999999999999,0.1799999999999999,0.22,86,52,-34.0,4.0,3.0,1.0,3.0,23.0,21.0,12.0,12.0,51.0,59.0,20.0,17.0,23.0,14.0,54.0,46.0,
Australia,Turkey,2,0,FINISHED,0.76,1.33,1.05,1.54,0.37,1.43,9,30,17.0,52.0,72.0,329.0,1.0,12.0,1.54,-0.95,2026-06-14 13:12:58,0.0844444444444444,0.0443333333333333,0.29,0.2099999999999999,1.54,-0.95,25,26,1.0,5.0,8.0,0.0,1.0,12.0,4.0,16.0,12.0,41.0,45.0,55.0,29.0,14.0,26.0,28.0,72.0,
Canada,Bosnia-Herzegovina,1,1,FINISHED,1.23,0.98,0.75,1.0,1.29,0.71,13,8,37.0,14.0,166.0,77.0,4.0,1.0,0.0,-0.26,2026-06-14 13:13:20,0.0946153846153846,0.1225,-0.48,0.02,0.0,-0.25,38,75,37.0,9.0,4.0,2.0,3.0,10.0,20.0,23.0,20.0,70.0,79.0,21.0,71.0,24.0,10.0,61.0,39.0,
South Korea,Czech Republic,2,1,FINISHED,2.3,0.83,2.06,2.07,1.37,0.44,15,7,24.0,12.0,140.0,105.0,4.0,0.0,1.07,0.06,2026-06-14 13:13:59,0.1533333333333333,0.1185714285714285,-0.2399999999999997,1.2399999999999998,1.0699999999999998,0.06,59,23,-36.0,4.0,5.0,1.0,0.0,9.0,16.0,7.0,9.0,56.0,38.0,32.0,21.0,12.0,15.0,61.0,39.0,
Mexico,South Africa,2,0,FINISHED,1.46,0.08,1.28,0.13,1.2,0.16,16,3,20.0,2.0,107.0,56.0,5.0,0.0,0.13,-0.72,2026-06-14 13:14:28,0.09125,0.0266666666666666,-0.1799999999999999,0.05,0.13,-0.72,17,59,42.0,3.0,1.0,1.0,2.0,12.0,11.0,12.0,14.0,47.0,33.0,15.0,17.0,12.0,8.0,61.0,39.0,
Germany,Curacao,7,1,FINISHED,4.22,0.41,5.23,0.5,3.48,0.28,26,8,63.0,10.0,238.0,64.0,8.0,0.0,-0.5,-1.77,2026-06-15 10:57:57,0.1623076923076923,0.05125,1.010000000000001,0.09,-0.5,-1.7699999999999996,13,88,75.0,8.0,1.0,,,18.0,11.0,19.0,16.0,46.0,50.0,8.0,25.0,12.0,7.0,65.0,35.0,
Sweden,Tunisia,5,1,FINISHED,1.36,0.28,1.99,0.35,0.53,0.46,13,6,19.0,10.0,109.0,105.0,3.0,1.0,-0.65,-3.01,2026-06-15 11:23:57,0.1046153846153846,0.0466666666666666,0.6299999999999999,0.0699999999999999,-0.65,-3.01,28,36,8.0,4.0,2.0,0.0,1.0,10.0,8.0,14.0,20.0,42.0,46.0,24.0,15.0,12.0,13.0,49.0,51.0,
Netherlands,Japan,2,2,FINISHED,0.79,0.59,2.16,1.32,1.29,0.58,10,10,33.0,19.0,164.0,114.0,1.0,1.0,-0.68,0.16,2026-06-15 11:33:09,0.079,0.059,1.37,0.7300000000000001,-0.6799999999999999,0.1600000000000001,7,16,9.0,5.0,4.0,3.0,0.0,7.0,7.0,11.0,11.0,44.0,29.0,23.0,33.0,21.0,23.0,60.0,40.0,
Ivory Coast,Ecuador,1,0,FINISHED,1.52,1.02,1.22,0.03,0.96,1.27,15,12,39.0,16.0,114.0,110.0,3.0,3.0,0.03,0.22,2026-06-15 11:33:54,0.1013333333333333,0.085,-0.3,-0.99,0.03,0.2199999999999999,22,27,5.0,3.0,5.0,3.0,1.0,10.0,13.0,14.0,21.0,58.0,44.0,29.0,18.0,8.0,14.0,48.0,52.0,
Spain,Cape Verde,0,0,FINISHED,2.1,0.21,1.45,0.13,3.63,0.12,27,6,51.0,6.0,443.0,35.0,8.0,2.0,0.13,1.45,2026-06-16 10:55:39,0.0777777777777777,0.0349999999999999,-0.6500000000000001,-0.0799999999999999,0.13,1.45,3,65,62.0,11.0,1.0,1.0,1.0,10.0,1.0,13.0,18.0,38.0,39.0,7.0,45.0,36.0,4.0,74.0,26.0,
Belgium,Egypt,1,1,FINISHED,1.35,1.08,0.64,0.61,1.9,0.4,15,14,31.0,27.0,193.0,89.0,5.0,8.0,-0.39,0.64,2026-06-16 10:56:25,0.09,0.0771428571428571,-0.7100000000000001,-0.4700000000000001,-0.39,-0.36,6,31,25.0,2.0,7.0,2.0,2.0,15.0,15.0,17.0,28.0,52.0,57.0,26.0,18.0,16.0,13.0,54.0,46.0,
Saudi Arabia,Uruguay,1,1,FINISHED,0.66,1.72,0.65,1.69,0.41,1.68,7,27,10.0,41.0,72.0,204.0,1.0,7.0,0.69,-0.35,2026-06-16 10:57:13,0.0942857142857142,0.0637037037037037,-0.01,-0.03,0.69,-0.35,56,11,-45.0,4.0,14.0,1.0,0.0,11.0,6.0,11.0,3.0,41.0,42.0,42.0,18.0,6.0,47.0,33.0,67.0,
Iran,New Zealand,2,2,FINISHED,1.49,1.24,1.76,1.01,0.87,0.43,17,14,25.0,21.0,110.0,98.0,5.0,2.0,-0.99,-0.24,2026-06-16 10:57:43,0.0876470588235294,0.0885714285714285,0.27,-0.2299999999999999,-0.99,-0.24,55,95,40.0,4.0,1.0,1.0,0.0,10.0,8.0,17.0,13.0,53.0,46.0,27.0,24.0,19.0,12.0,48.0,52.0,
France,Senegal,3,1,FINISHED,1.78,0.53,2.06,0.17,1.53,0.19,11,6,19.0,13.0,123.0,102.0,2.0,1.0,-0.83,-0.94,2026-06-17 10:54:47,0.1618181818181818,0.0883333333333333,0.28,-0.36,-0.83,-0.94,2,21,19.0,6.0,4.0,,,5.0,9.0,19.0,14.0,43.0,35.0,14.0,17.0,9.0,9.0,53.0,47.0,17/06/2026
Iraq,Norway,1,4,FT,0.8,2.52,0.6,2.65,0.81,1.52,11,12,18.0,25.0,75.0,99.0,2.0,3.0,-0.35,-0.4,2026-06-17 10:59:13,0.0727272727272727,0.21,-0.2,0.1299999999999999,-1.35,-0.4,55,47,-8.0,2.0,5.0,1.0,0.0,12.0,13.0,19.0,15.0,52.0,48.0,21.0,22.0,13.0,17.0,39.0,61.0,17/06/2026
Argentina,Algeria,3,0,FINISHED,1.24,0.3,1.98,0.0,0.53,0.38,10,7,12.0,12.0,80.0,145.0,0.0,3.0,0.0,-1.02,2026-06-17 10:59:35,0.124,0.0428571428571428,0.74,-0.3,0.0,-1.02,1,41,40.0,2.0,2.0,,,13.0,8.0,26.0,16.0,36.0,40.0,15.0,11.0,5.0,8.0,48.0,52.0,17/06/2026
Austria,Jordan,3,1,FT,1.66,0.53,1.27,1.69,0.99,0.32,11,11,28.0,21.0,141.0,93.0,1.0,2.0,0.69,-0.73,2026-06-17 14:09:44,0.1509090909090909,0.0481818181818181,-0.3899999999999999,1.16,0.69,-1.73,22,68,46.0,4.0,3.0,1.0,0.0,12.0,7.0,17.0,15.0,42.0,48.0,24.0,38.0,17.0,15.0,63.0,37.0,17/06/2026
Portugal,Congo DR,1,1,FINISHED,0.65,0.87,0.53,0.97,1.84,0.71,7,8,29.0,10.0,207.0,73.0,2.0,3.0,-0.03,-0.47,2026-06-18 11:31:48,0.0928571428571428,0.10875,-0.12,0.0999999999999999,-0.03,-0.47,8,58,50.0,5.0,4.0,3.0,1.0,9.0,10.0,12.0,17.0,34.0,42.0,10.0,27.0,23.0,10.0,75.0,25.0,18/06/2026
England,Croatia,4,2,FT,3.21,0.7,3.33,0.51,1.1,0.82,22,10,37.0,16.0,80.0,86.0,5.0,2.0,-1.49,-0.67,2026-06-18 11:32:57,0.1459090909090909,0.0699999999999999,0.1200000000000001,-0.1899999999999999,-1.49,-0.6699999999999999,4,12,8.0,8.0,2.0,,,10.0,12.0,9.0,11.0,38.0,41.0,16.0,17.0,13.0,13.0,52.0,48.0,18/06/2026
Ghana,Panama,1,0,FT,1.31,0.73,1.04,1.36,0.45,0.87,8,11,14.0,19.0,55.0,76.0,2.0,2.0,1.36,0.04,2026-06-18 11:33:24,0.16375,0.0663636363636363,-0.27,0.6300000000000001,1.36,0.04,70,37,-33.0,2.0,2.0,1.0,2.0,9.0,11.0,9.0,11.0,55.0,56.0,26.0,18.0,4.0,4.0,38.0,62.0,18/06/2026
Uzbekistan,Colombia,1,3,FT,1.16,1.61,1.16,1.3,0.14,1.48,8,15,5.0,27.0,88.0,131.0,2.0,4.0,-1.7,0.16,2026-06-18 11:34:36,0.145,0.1073333333333333,0.0,-0.31,-1.7,0.1599999999999999,60,9,-51.0,3.0,4.0,1.0,1.0,14.0,11.0,10.0,10.0,35.0,36.0,26.0,19.0,13.0,15.0,39.0,61.0,18/06/2026
Czech Republic,South Africa,1,1,FT,1.02,1.38,0.54,1.12,0.95,0.95,14,17,16.0,20.0,40.0,101.0,3.0,8.0,0.12,-0.46,2026-06-19 13:47:40,0.0728571428571428,0.0811764705882353,-0.48,-0.2599999999999998,0.1200000000000001,-0.4599999999999999,23,59,36.0,5.0,5.0,1.0,2.0,12.0,10.0,4.0,11.0,45.0,47.0,22.0,24.0,7.0,4.0,38.0,62.0,18/06/2026
Switzerland,Bosnia-Herzegovina,4,1,FT,2.06,0.23,2.45,0.27,0.68,0.31,13,5,35.0,8.0,165.0,72.0,3.0,1.0,-0.73,-1.55,2026-06-19 13:48:24,0.1584615384615384,0.046,0.3900000000000001,0.04,-0.73,-1.5499999999999998,15,75,60.0,7.0,3.0,1.0,2.0,7.0,18.0,19.0,13.0,52.0,38.0,17.0,36.0,23.0,12.0,62.0,38.0,19/06/2026
Canada,Qatar,6,0,FT,4.6,0.22,4.84,0.0,3.86,0.05,32,2,97.0,1.0,381.0,27.0,14.0,1.0,0.0,-0.16,2026-06-19 13:49:30,0.14375,0.11,0.2400000000000002,-0.22,0.0,-1.16,38,44,6.0,19.0,1.0,1.0,1.0,9.0,10.0,9.0,16.0,33.0,34.0,3.0,59.0,55.0,3.0,79.0,21.0,19/06/2026
Mexico,South Korea,1,0,FT,0.52,0.91,0.9,0.76,0.31,0.8,8,9,6.0,11.0,72.0,118.0,1.0,3.0,0.76,-0.1,2026-06-19 13:50:43,0.065,0.1011111111111111,0.38,-0.15,0.76,-0.0999999999999999,17,59,42.0,0.0,2.0,0.0,2.0,9.0,7.0,14.0,17.0,42.0,47.0,20.0,12.0,6.0,9.0,42.0,58.0,19/06/2026
United States,Australia,2,0,FINISHED,1.08,0.34,1.31,0.1,1.12,0.39,10,5,20.0,20.0,135.0,83.0,6.0,0.0,0.1,0.31,2026-06-20 15:19:43,0.108,0.068,0.2299999999999999,-0.24,0.1,-0.69,17,27,10.0,7.0,4.0,3.0,4.0,12.0,16.0,20.0,13.0,59.0,64.0,31.0,24.0,14.0,19.0,62.0,38.0,20/06/2026
Scotland,Morocco,0,1,FT,0.52,1.0,0.0,0.49,0.43,0.96,6,12,20.0,26.0,96.0,134.0,3.0,4.0,-0.51,0.0,2026-06-20 15:20:13,0.0866666666666666,0.0833333333333333,-0.52,-0.51,-0.51,0.0,42,7,-35.0,2.0,5.0,1.0,1.0,11.0,8.0,20.0,10.0,37.0,33.0,17.0,14.0,13.0,10.0,41.0,59.0,20/06/2026
Brazil,Haiti,3,0,FINISHED,1.75,0.23,2.33,0.43,1.15,0.33,8,7,24.0,17.0,106.0,95.0,1.0,1.0,0.43,-0.67,2026-06-20 15:20:41,0.21875,0.0328571428571428,0.5800000000000001,0.1999999999999999,0.43,-0.6699999999999999,4,82,78.0,4.0,4.0,1.0,3.0,13.0,14.0,21.0,16.0,52.0,42.0,14.0,22.0,9.0,11.0,57.0,43.0,20/06/2026
Turkey,Paraguay,0,1,FINISHED,2.17,0.33,0.67,0.21,2.03,0.19,32,7,50.0,12.0,309.0,65.0,12.0,2.0,-0.79,0.67,2026-06-20 15:21:14,0.0678125,0.0471428571428571,-1.5,-0.12,-0.79,0.67,22,41,19.0,12.0,0.0,1.0,1.0,14.0,15.0,17.0,25.0,58.0,69.0,28.0,47.0,42.0,6.0,79.0,21.0,20/06/2026
Netherlands,Sweden,5,1,FINISHED,2.6,1.01,4.2,1.71,1.43,0.77,10,16,20.0,26.0,97.0,106.0,1.0,3.0,0.71,-0.8,2026-06-21 10:48:55,0.26,0.063125,1.6,0.7,0.71,-0.7999999999999998,8,28,20.0,2.0,5.0,0.0,3.0,9.0,12.0,15.0,18.0,43.0,47.0,24.0,15.0,16.0,21.0,51.0,49.0,21/06/2026
Germany,Ivory Coast,2,1,FINISHED,1.89,1.22,2.36,1.1,1.95,0.8,16,9,33.0,22.0,221.0,94.0,4.0,5.0,0.1,0.36,2026-06-21 10:49:40,0.118125,0.1355555555555555,0.47,-0.1199999999999998,0.1,0.3599999999999999,10,22,12.0,8.0,3.0,,,5.0,7.0,26.0,20.0,48.0,54.0,14.0,26.0,21.0,9.0,59.0,41.0,21/06/2026
Ecuador,Curacao,0,0,FINISHED,3.05,0.48,2.49,0.93,1.61,0.21,27,10,45.0,12.0,233.0,52.0,2.0,3.0,0.93,2.49,2026-06-21 10:50:34,0.1129629629629629,0.048,-0.5599999999999996,0.45,0.93,2.49,22,82,60.0,9.0,0.0,1.0,5.0,7.0,10.0,19.0,17.0,51.0,52.0,16.0,32.0,32.0,1.0,75.0,25.0,21/06/2026
Tunisia,Japan,0,4,FT,0.04,2.07,0.0,2.57,0.15,1.14,2,11,8.0,17.0,80.0,133.0,1.0,3.0,-1.43,0.0,2026-06-21 12:56:53,0.02,0.1881818181818181,-0.04,0.5,-1.4300000000000002,0.0,45,18,-27.0,3.0,5.0,,,8.0,15.0,18.0,18.0,39.0,42.0,23.0,25.0,10.0,11.0,38.0,62.0,21/06/2026
Spain,Saudi Arabia,4,0,FINISHED,2.3,0.13,3.45,0.1,2.27,0.14,22,3,37.0,2.0,252.0,81.0,2.0,1.0,0.1,0.45,2026-06-22 11:36:15,0.1045454545454545,0.0433333333333333,1.1500000000000004,-0.03,0.1,-0.5499999999999998,2,61,59.0,6.0,1.0,0.0,2.0,10.0,2.0,10.0,15.0,29.0,37.0,17.0,35.0,25.0,5.0,67.0,33.0,21/06/2026
Belgium,Iran,0,0,FINISHED,1.79,0.62,1.49,0.87,1.48,0.3,23,7,42.0,15.0,263.0,65.0,6.0,1.0,0.87,1.49,2026-06-22 11:36:45,0.0778260869565217,0.0885714285714285,-0.3,0.25,0.87,1.49,9,20,11.0,4.0,2.0,1.0,1.0,7.0,9.0,12.0,19.0,50.0,45.0,11.0,50.0,32.0,8.0,70.0,30.0,22/06/2026
Uruguay,Cape Verde,2,2,FT,2.31,0.88,1.65,1.26,0.86,0.33,17,12,34.0,10.0,197.0,45.0,7.0,4.0,-0.74,-0.35,2026-06-22 11:37:24,0.1358823529411764,0.0733333333333333,-0.6600000000000001,0.38,-0.74,-0.3500000000000001,14,67,53.0,11.0,4.0,2.0,2.0,11.0,4.0,16.0,16.0,47.0,55.0,11.0,48.0,29.0,7.0,65.0,35.0,22/06/2026
New Zealand,Egypt,1,3,FINISHED,1.22,1.98,1.62,2.57,1.14,1.48,11,19,17.0,35.0,88.0,165.0,3.0,6.0,-0.43,0.62,2026-06-22 11:41:59,0.1109090909090909,0.1042105263157894,0.4000000000000001,0.5899999999999999,-0.4300000000000001,0.6200000000000001,85,29,-56.0,4.0,3.0,2.0,1.0,14.0,8.0,12.0,16.0,41.0,54.0,24.0,36.0,15.0,22.0,44.0,56.0,22.03.2024
Argentina,Austria,2,0,FT,2.36,0.53,1.52,0.05,0.73,0.89,12,6,19.0,18.0,97.0,154.0,3.0,0.0,0.05,-0.48,2026-06-23 11:55:44,0.1966666666666666,0.0883333333333333,-0.8399999999999999,-0.48,0.05,-0.48,1,24,23.0,1.0,3.0,2.0,2.0,13.0,13.0,21.0,12.0,50.0,46.0,35.0,15.0,4.0,17.0,54.0,46.0,23/06/2024
France,Iraq,3,0,FINISHED,2.67,0.62,2.27,0.0,1.95,0.65,19,4,41.0,7.0,243.0,53.0,4.0,1.0,0.0,-0.73,2026-06-23 12:04:22,0.1405263157894737,0.155,-0.3999999999999999,-0.62,0.0,-0.73,3,57,54.0,4.0,2.0,0.0,1.0,8.0,4.0,14.0,16.0,40.0,38.0,9.0,28.0,14.0,9.0,56.0,44.0,23/06/2026
Jordan,Algeria,1,2,FT,0.65,1.81,0.56,2.09,0.61,1.49,8,17,14.0,31.0,64.0,179.0,0.0,5.0,0.09,-0.44,2026-06-23 12:06:20,0.08125,0.1064705882352941,-0.0899999999999999,0.2799999999999998,0.0899999999999998,-0.4399999999999999,62,29,-33.0,1.0,10.0,1.0,1.0,11.0,6.0,31.0,25.0,59.0,65.0,37.0,15.0,5.0,21.0,28.0,72.0,23/06/2026
Norway,Senegal,3,2,FT,2.19,1.71,1.95,1.35,1.57,1.75,13,16,24.0,26.0,99.0,166.0,3.0,5.0,-0.65,-1.05,2026-06-23 12:22:13,0.1684615384615384,0.106875,-0.24,-0.3599999999999999,-0.6499999999999999,-1.05,31,16,-15.0,5.0,4.0,,,13.0,5.0,10.0,16.0,39.0,57.0,26.0,18.0,10.0,23.0,42.0,58.0,23/06/2026
Portugal,Uzbekistan,5,0,FT,2.6,0.25,3.5,0.09,1.64,0.2,17,7,36.0,6.0,175.0,74.0,3.0,3.0,0.09,-0.5,2026-06-24 11:17:43,0.1529411764705882,0.0357142857142857,0.8999999999999999,-0.16,0.09,-1.5,5,50,45.0,3.0,2.0,1.0,1.0,14.0,15.0,14.0,18.0,54.0,45.0,16.0,30.0,22.0,8.0,66.0,34.0,24/06/2026
England,Ghana,0,0,FINISHED,1.36,0.17,0.37,0.0,1.49,0.21,19,2,33.0,10.0,204.0,48.0,6.0,1.0,0.0,0.37,2026-06-24 11:19:01,0.071578947368421,0.085,-0.99,-0.17,0.0,0.37,4,73,69.0,9.0,2.0,1.0,1.0,14.0,24.0,14.0,22.0,59.0,46.0,6.0,39.0,30.0,5.0,79.0,21.0,24/06/2026
Panama,Croatia,0,1,FINISHED,0.55,1.65,0.04,1.21,0.73,0.78,8,6,19.0,15.0,67.0,78.0,2.0,1.0,0.21,0.04,2026-06-24 11:22:06,0.06875,0.2749999999999999,-0.51,-0.4399999999999999,0.2099999999999999,0.04,34,11,-23.0,7.0,2.0,1.0,1.0,19.0,12.0,10.0,19.0,58.0,63.0,29.0,38.0,31.0,18.0,42.0,58.0,24/06/2026
Colombia,Congo DR,1,0,FT,1.02,0.35,1.39,0.08,0.79,0.41,20,7,25.0,10.0,158.0,69.0,6.0,2.0,0.08,0.39,2026-06-24 11:22:53,0.051000000000000004,0.049999999999999996,0.3699999999999999,-0.26999999999999996,0.08,0.3899999999999999,12,66,54.0,5.0,4.0,2.0,1.0,12.0,16.0,10.0,15.0,46.0,35.0,19.0,19.0,12.0,14.0,64.0,36.0,24/06/2026
